Date,Mean_WindSpeed,Std_WindSpeed,Total_Power_kW
2012-10-02,0.5741656991700256,1.3811712251446326,37.30566397204212
2012-10-03,5.376278819501149,2.624599059160961,1702.8958944645087
2012-10-04,3.392797313277424,1.6303921182745569,311.05117724999883
2012-10-05,4.071356775932909,1.7812232654871216,585.8958174409662
2012-10-06,4.697719356845664,1.5781137899690691,806.0937414661308
2012-10-07,5.010900647302042,1.382200030669144,919.6161104065511
2012-10-08,3.392797313277424,1.453384983200991,261.29585417220204
2012-10-09,3.6537817219910718,1.951815043262689,561.0021815671168
2012-10-10,6.942185271783036,2.97778919080458,3583.7173938790106
2012-10-11,6.994382153525766,4.369599222052385,4933.639835761725
2012-10-12,5.793853873442985,3.3002157890393655,2597.8988330631237
2012-10-13,6.0026414004139035,1.9539986893417582,1874.9815034437324
2012-10-14,5.115294410787501,1.6485996673635568,1068.6072979116889
2012-10-15,6.211428927384823,2.8006711130976263,2575.779280804042
2012-10-16,5.793853873442985,2.083558891649788,1771.0480833038548
2012-10-17,3.7581754854765315,2.185450139434542,708.269416687615
2012-10-18,7.568547852695793,1.7514469366169898,3368.80422003045
2012-10-19,8.403697960579466,2.726604256449083,5171.499052410183
2012-10-20,3.9669630124474495,1.3147344756524921,427.6280938711002
2012-10-21,2.1400721514519137,1.499596794768033,76.25433597594014
2012-10-22,2.4532534419082914,1.7120466507372467,143.07592951924477
2012-10-23,3.236206668049235,2.020521526258842,471.4738413006642
2012-10-24,2.7664347323646687,2.0226309977151384,303.81100630572456
2012-10-25,4.593325593360205,2.1113454220372123,995.0141525278317
2012-10-26,7.986122906637629,1.8026415492542025,3986.6890025969524
2012-10-27,6.3680195726130115,2.5836596815910586,2548.493553728703
2012-10-28,5.16749129253023,1.2962238325331146,974.0689891968848
2012-10-29,7.516350970953063,2.2164509806081605,3604.425406489267
2012-10-30,7.620744734438522,2.4480572221370043,3936.7774731512486
2012-10-31,10.961345165973215,1.7812232654871225,9974.310952689231
2012-11-01,6.942185271783036,2.089009676350725,2746.378088119318
2012-11-02,3.91476613070472,1.445539392918808,415.17843476534557
2012-11-03,4.436734948132016,2.1533431456355925,831.4993097889236
2012-11-04,3.91476613070472,1.0650566529951278,349.8436428859896
2012-11-05,2.453253441908291,1.6717180075647362,141.43292148738888
2012-11-06,4.2279474211610975,1.5590832980283988,539.3888794193193
2012-11-07,2.5576472053937507,1.6717180075647358,157.0123902889481
2012-11-08,2.4010565601655616,1.1632946696289368,54.52814080545722
2012-11-09,1.826890860995536,1.9187621636005066,147.7358542242198
2012-11-10,2.7664347323646687,1.224028611068502,99.62353917827895
2012-11-11,3.810372367219261,2.291499197367446,727.0596395377625
2012-11-12,10.752557639002298,3.7838082733413354,10852.152528543149
2012-11-13,7.725138497923981,2.4410793726313043,4033.077365258254
2012-11-14,4.019159894190179,2.8128259815498193,1079.376317978026
2012-11-15,2.4010565601655616,1.5636353757389867,119.70672631690596
2012-11-16,4.019159894190179,1.278557264340827,408.71929566060743
2012-11-17,2.818631614107398,1.856254722951954,237.77044460195603
2012-11-18,1.7224970975100768,1.269631799099499,23.36920320233881
2012-11-19,2.2966627966801023,1.2617702263030381,46.73840640467762
2012-11-20,2.9230253775928574,1.4147268345649133,164.8021246897277
2012-11-21,2.5576472053937507,1.1373443121973514,70.10760960701643
2012-11-22,1.826890860995536,2.0226309977151384,169.46204939470272
2012-11-23,6.054838282156634,2.4688724432360725,2210.70053052221
2012-11-24,9.03006054149222,3.0457538274335034,6703.912569563704
2012-11-25,5.428475701243879,2.2368795320926758,1526.737555244377
2012-11-26,3.810372367219261,2.105277356223918,574.2705035199695
2012-11-27,2.870828495850128,1.7899801700771578,230.13691656908364
2012-11-28,4.071356775932909,0.8464211993996656,359.1201789507179
2012-11-29,3.3406004315346944,1.365646139727875,225.4769918641086
2012-11-30,6.5246102178412,3.112234613550057,3044.204256761686
2012-12-01,3.027419141078317,1.4737809583834285,222.34718216830404
2012-12-02,3.4449941950201537,2.284665376762821,542.8367841885985
2012-12-03,5.21968817427296,3.0833256522918213,1852.0432883375536
2012-12-04,4.854310002073853,3.097584413397446,1688.3346082231765
2012-12-05,6.994382153525766,3.0218578432809577,3760.462927563209
2012-12-06,4.906506883816583,1.3276454349111195,840.9320522215592
2012-12-07,3.810372367219261,0.9403000436214107,292.29858540741327
2012-12-08,3.236206668049235,1.7293947317486702,309.4081692181429
2012-12-09,7.255366562239414,1.7708183674581774,3034.259581880107
2012-12-10,4.541128711617476,2.179588394038226,889.0443672675
2012-12-11,6.263625809127553,1.4307129559300835,1825.0699739980284
2012-12-12,4.749916238588393,3.090233268265466,1767.331079143983
2012-12-13,4.593325593360205,1.5526879689400892,759.5868034444842
2012-12-14,6.211428927384823,1.936460575175003,2025.4594926128186
2012-12-15,2.7142378506219393,2.2368795320926758,388.36700913138776
2012-12-16,5.115294410787501,1.8439615100791271,1135.0788477116173
2012-12-17,5.376278819501149,1.1958322298600583,1085.9483501054497
2012-12-18,2.5576472053937507,1.7120466507372467,150.86566392002436
2012-12-19,4.175750539418368,1.7195029743588557,635.0639460546957
2012-12-20,3.236206668049235,2.5302909072496758,657.6144864099368
2012-12-21,7.255366562239414,1.882866326370644,3090.630250430549
2012-12-22,12.161873446055997,1.8646592944123268,13551.493307553354
2012-12-23,3.7581754854765315,1.9195028554495972,581.7478251849346
2012-12-24,2.6620409688792095,1.9305791323571881,216.20045579938034
2012-12-25,4.332341184646557,1.429719060043594,591.4929803533846
2012-12-26,4.697719356845664,1.9978819150337899,900.9444629167493
2012-12-27,8.821273014521303,2.8728290231395146,6102.625438358988
2012-12-28,5.846050755185715,1.8346875459549488,1644.0578726974527
2012-12-29,2.4532534419082914,1.544426490436813,113.55999994798225
2012-12-30,4.436734948132016,2.9082366740723415,1337.1546877034853
2012-12-31,5.741656991700256,2.2138841575344084,1752.53264218196
2013-01-01,6.3680195726130115,1.7293947317486702,2041.1575367747232
2013-01-02,4.280144302903827,1.3780802002513315,531.7553513864469
2013-01-03,5.115294410787501,1.9518150432626895,1174.5770831720208
2013-01-04,5.793853873442985,1.0325281377991489,1326.6980803729627
2013-01-05,7.150972798753955,1.8646592944123273,2969.668190832725
2013-01-06,4.749916238588393,1.9539986893417587,945.2588294500349
2013-01-07,7.464154089210333,1.4056547484747923,3085.9326947180116
2013-01-08,5.0630975290447715,2.598472163380665,1507.9097013866678
2013-01-09,4.541128711617476,1.6022494711110136,748.2739022593018
2013-01-10,5.21968817427296,2.5770490276492817,1659.0125160273828
2013-01-11,3.4449941950201537,3.0067673227807923,864.4631441294653
2013-01-12,5.950444518671174,1.4891332576776712,1599.58729979626
2013-01-13,7.098775917011225,0.8793681135214887,2482.8839801210943
2013-01-14,5.115294410787501,1.426733218162794,987.5744618704284
2013-01-15,4.436734948132016,2.9547869343470743,1314.8789290764971
2013-01-16,1.0961345165973215,1.1273013401808754,0.0
2013-01-17,5.428475701243879,3.5942263444573315,2464.7618960877976
2013-01-18,5.16749129253023,2.000015265257208,1231.3787398186228
2013-01-19,5.376278819501149,3.571612189639067,2709.7781939716883
2013-01-20,8.977863659749492,2.6294689513049843,6368.936943317201
2013-01-21,8.090516670123089,4.129768360808797,6431.744775352257
2013-01-22,8.142713551865818,2.8851725921596447,4957.596233428131
2013-01-23,7.411957207467604,2.503179865256584,3708.9460210932116
2013-01-24,4.436734948132016,1.731858843278756,702.9037221582273
2013-01-25,5.846050755185715,3.3178285203441913,2500.3059766676383
2013-01-26,4.384538066389287,1.4776339870721067,620.8527035567398
2013-01-27,2.9230253775928574,2.6294689513049843,548.396316093455
2013-01-28,5.5328694647293375,3.088852980873626,2187.651567749404
2013-01-29,8.508091724064924,1.731858843278756,4774.703973375009
2013-01-30,8.247107315351277,3.6178780123225036,5983.268755785458
2013-01-31,4.697719356845664,3.843446436167379,2575.7196741763564
2013-02-01,12.840432908711483,0.5541127451520407,15065.286956151038
2013-02-02,11.69210151037143,1.871507688674189,11839.53100768205
2013-02-03,9.13445430497768,1.453384983200991,5662.542003044473
2013-02-04,8.925666778006763,2.0000152652572085,5660.193225188204
2013-02-05,5.376278819501149,2.6760877220893624,1766.156690215849
2013-02-06,7.568547852695793,2.9432183929579505,4207.16170835037
2013-02-07,5.27188505601569,2.6633088776135665,1715.0707718420108
2013-02-08,3.705978603733802,1.251589932628292,306.23504617711654
2013-02-09,10.49157323028865,4.3835653457857715,11934.62821500811
2013-02-10,4.802113120331123,1.3656461397278747,790.1209155759734
2013-02-11,5.846050755185715,3.038745103346438,2588.266570917359
2013-02-12,11.117935811201406,3.5684268046667706,11177.169331981666
2013-02-13,9.395438713691329,2.2164509806081587,6718.904843901196
2013-02-14,4.697719356845664,1.7028890294272787,848.2155365110551
2013-02-15,5.741656991700256,2.6872193621319536,2068.7180455783155
2013-02-16,5.480672582986608,2.179588394038226,1576.218096593921
2013-02-17,5.898247636928446,1.4056547484747925,1511.0771420900342
2013-02-18,3.0796160228210465,1.8089390061612518,331.84013421303837
2013-02-19,7.098775917011225,2.175018336963236,3057.160165978724
2013-02-20,10.700360757259569,2.1214202943715272,9573.695949521276
2013-02-21,5.585066346472067,2.7140632734967793,1889.7799404057555
2013-02-22,4.541128711617476,2.7349329639160076,1217.129866313105
2013-02-23,6.681200863069389,3.127270751477974,3310.5157617198993
2013-02-24,7.046579035268496,1.0966207151204972,2482.296785657027
2013-02-25,2.6620409688792095,1.5370456764354474,143.07592951924477
2013-02-26,1.9834815062237248,1.8439615100791271,133.7993934545165
2013-02-27,8.769076132778574,2.277186910292544,5577.398805754742
2013-02-28,5.689460109957526,2.2158095535999056,1748.1474992052376
2013-03-01,7.255366562239414,1.9539986893417582,3150.5240857653935
2013-03-02,7.411957207467604,1.4267332181627939,3053.636999194321
2013-03-03,6.5246102178412,1.381171225144632,2050.121660103637
2013-03-04,3.3406004315346944,1.7195029743588557,345.2270315262364
2013-03-05,2.9230253775928574,2.441079372631304,442.27032446521605
2013-03-06,6.211428927384823,1.7514469366169891,1902.5796432548862
2013-03-07,6.107035163899364,1.965603831848485,1932.3703545544015
2013-03-08,2.6620409688792095,1.5370456764354476,129.13946874954146
2013-03-09,2.6620409688792095,1.296223832533115,85.68707840857563
2013-03-10,4.697719356845664,1.9283689666270456,930.7351742162646
2013-03-11,3.8625692489619907,1.6485996673635563,450.8410907055318
2013-03-12,5.115294410787501,2.119409151279809,1277.6485271195786
2013-03-13,6.002641400413904,2.2158095535999065,1934.9939141389227
2013-03-14,4.541128711617476,2.4170864004626393,1144.3177527687837
2013-03-15,2.0356783879664544,1.4689504604384327,68.46460157516053
2013-03-16,1.9834815062237248,1.7684085432061418,119.70672631690596
2013-03-17,4.175750539418368,2.412966196613958,908.54035994206
2013-03-18,3.9669630124474495,1.8715076886741886,572.3903447674227
2013-03-19,3.8625692489619907,1.426733218162794,423.51773262263055
2013-03-20,7.88172914315217,2.751514748056181,4683.540452770419
2013-03-21,4.593325593360205,1.7587362270429763,823.1223809240768
2013-03-22,3.7581754854765315,1.9893256362516365,567.1865389436024
2013-03-23,1.6703002157673472,1.3147344756524921,52.88513277360133
2013-03-24,1.30492204356824,1.671718007564736,66.82159354330463
2013-03-25,5.115294410787501,2.835475925682202,1714.171164642129
2013-03-26,7.672941616181252,2.5139462799544634,4039.536504362992
2013-03-27,2.4010565601655616,2.2746886243947024,330.3533325490897
2013-03-28,0.6785594626554848,0.8242998336817782,0.0
2013-03-29,0.8351501078836736,1.4147268345649133,37.30566397204212
2013-03-30,1.2527251618255104,1.9195028554495965,111.91699191612636
2013-03-31,1.9834815062237248,2.4757719604885984,362.80523444068774
2013-04-01,6.002641400413904,2.9082366740723415,2484.7641388736415
2013-04-02,3.5493879585056125,3.255548828992753,1219.128600425997
2013-04-03,3.0796160228210465,2.121420294371527,392.5150013874193
2013-04-04,1.9312846244809954,1.692002486865317,97.98053114642305
2013-04-05,1.7224970975100768,1.84010303857746,112.07319828403358
2013-04-06,3.288403549791965,2.1480556161193127,473.8226191569326
2013-04-07,4.697719356845664,3.0740913528708953,1743.8056695737373
2013-04-08,5.950444518671174,2.7705637257602005,2343.2502730334686
2013-04-09,4.958703765559312,4.170868411691793,2826.279848577666
2013-04-10,4.123553657675639,2.005693105680909,702.4351030545057
2013-04-11,6.785594626554848,2.4480572221370043,2779.691966203235
2013-04-12,4.958703765559313,2.435832867615862,1297.7317142582058
2013-04-13,4.697719356845664,2.6702383430249417,1243.3974108282175
2013-04-14,4.541128711617476,2.388690861082075,1080.4321315458146
2013-04-15,2.2966627966801023,2.045691622945323,234.7968412740587
2013-04-16,5.950444518671174,1.8926553394545573,1800.5640128751172
2013-04-17,2.4010565601655616,2.3044893090303282,300.13163315341467
2013-04-18,6.107035163899364,1.7836157759885904,1925.6364337214106
2013-04-19,4.697719356845664,3.3705362437715154,1748.6594316541814
2013-04-20,8.612485487550384,3.5874966895801754,6593.958826108967
2013-04-21,3.8625692489619907,2.7869335209427795,1026.0978281158266
2013-04-22,3.3406004315346944,2.5504350713993276,614.4745088047854
2013-04-23,5.010900647302042,1.4776339870721062,937.8191387926316
2013-04-24,3.705978603733802,2.072614317509352,530.9743195469108
2013-04-25,5.898247636928446,1.6303921182745573,1613.0927724698035
2013-04-26,6.107035163899362,2.0000152652572076,1947.2064225239862
2013-04-27,4.958703765559312,2.7266042564490838,1528.4615076290163
2013-04-28,2.0356783879664544,1.9828841979600462,191.34445093309284
2013-04-29,1.7746939792528063,1.473780958383428,45.09539837282172
2013-04-30,2.9752222593355877,2.6590356155307804,569.3791104319637
2013-05-01,6.994382153525766,1.8806000872428215,2788.2251014359895
2013-05-02,4.019159894190179,1.808939006161252,598.5016829146281
2013-05-03,3.8625692489619907,2.8113094969495847,905.6043876217243
2013-05-04,5.898247636928445,2.1691284013626295,1800.6825882354626
2013-05-05,1.8268908609955359,2.4497985790060204,319.1966377318147
2013-05-06,0.8351501078836736,1.3147344756524921,37.30566397204212
2013-05-07,0.4175750539418368,1.3656461397278747,65.33479187935596
2013-05-08,0.46977193568456643,1.0325281377991486,7.7897344007796026
2013-05-09,0.7829532261409439,1.6022494711110133,73.12452628013557
2013-05-10,0.7307563443982144,1.32764543491112,15.579468801559205
2013-05-11,4.488931829874746,2.6099348627434407,1155.7492293143114
2013-05-12,3.6015848402483424,2.8209001308642323,897.9332285812901
2013-05-13,2.870828495850128,1.8646592944123268,272.258711614008
2013-05-14,1.7224970975100768,2.4170864004626393,325.49957046864563
2013-05-15,3.0796160228210465,2.5048829019873855,602.6929885158814
2013-05-16,3.9669630124474495,2.6552908698222395,963.2680204606462
2013-05-17,0.7307563443982144,1.2752175356996638,15.579468801559205
2013-05-18,0.5741656991700256,1.1069420787672044,7.7897344007796026
2013-05-19,1.2527251618255104,1.3822000306691444,15.579468801559205
2013-05-20,1.409315807053699,1.8585506480384677,118.21992465295729
2013-05-21,3.288403549791965,2.734932963916007,709.4438056157493
2013-05-22,5.010900647302042,2.247024162514343,1269.2715982547318
2013-05-23,3.1318129045637764,1.8470424838401331,313.0875423704528
2013-05-24,5.793853873442985,4.143513675433898,3562.667165219097
2013-05-25,3.027419141078317,1.8065800323176608,259.6528461403462
2013-05-26,0.3653781721991072,0.8646973658743351,0.0
2013-05-27,0.9917407531118624,1.1669547562908653,7.7897344007796026
2013-05-28,3.5493879585056125,1.8346875459549485,425.98508583924433
2013-05-29,2.9752222593355877,1.9481701940629417,281.5352476787363
2013-05-30,2.818631614107398,1.856254722951953,282.08481113524164
2013-05-31,4.488931829874746,2.086967300425233,917.8168960067883
2013-06-01,4.906506883816582,2.6359481454019607,1420.4553572482307
2013-06-02,5.480672582986608,2.1160529984991645,1541.8860359497762
2013-06-03,2.5576472053937507,2.3210840590164032,357.24570253583124
2013-06-04,1.0961345165973218,1.62340219490357,52.88513277360133
2013-06-05,1.2005282800827808,1.0756809224873578,7.7897344007796026
2013-06-06,2.7142378506219393,1.596027119561479,185.04151819626193
2013-06-07,2.5576472053937507,1.7899801700771578,206.76771336674483
2013-06-08,3.1840097863065058,1.8828663263706438,346.5576268222778
2013-06-09,2.244465914937373,1.429719060043594,104.12725751534676
2013-06-10,1.7224970975100768,1.6852681218857577,90.19079674564345
2013-06-11,1.6181033340246176,1.0756809224873582,15.579468801559205
2013-06-12,1.5137095705391586,1.0434836502126168,15.579468801559205
2013-06-13,2.0356783879664544,1.5590832980283988,90.19079674564344
2013-06-14,4.280144302903827,2.448057222137004,963.1494451003007
2013-06-15,2.870828495850128,1.1373443121973517,101.26654721013483
2013-06-16,1.6703002157673472,1.206483098306979,31.15893760311841
2013-06-17,2.2966627966801023,1.365646139727875,96.49372948247438
2013-06-18,2.6620409688792095,1.3478348791714994,99.62353917827895
2013-06-19,5.428475701243879,2.012061524582252,1376.140990714945
2013-06-20,3.5493879585056125,1.7971131722286662,448.4170508341398
2013-06-21,3.497191076762883,1.4766716724229365,312.3817725460403
2013-06-22,2.348859678422832,1.7836157759885907,184.8853118283547
2013-06-23,2.870828495850128,2.1374413171157665,311.05117724999883
2013-06-24,2.818631614107398,2.0317467322241467,339.47366224591076
2013-06-25,1.9834815062237248,1.5636353757389867,76.25433597594014
2013-06-26,2.4010565601655616,1.9165383705060852,255.66106025222183
2013-06-27,2.244465914937373,1.6920024868653172,157.71816011336065
2013-06-28,2.087875269709184,1.977859686939355,185.04151819626193
2013-06-29,2.975222259335587,2.1160529984991645,373.099953065643
2013-06-30,3.1840097863065058,1.6093312712395764,253.50611977142245
2013-07-01,5.21968817427296,2.7808061404534135,1643.5892535937307
2013-07-02,6.994382153525766,1.1632946696289368,2450.001090133336
2013-07-03,7.203169680496686,1.2390337653589785,2691.9252093289842
2013-07-04,3.236206668049235,1.5636353757389867,313.7933121948654
2013-07-05,2.7142378506219393,1.5526879689400892,144.71893755110068
2013-07-06,1.826890860995536,1.1669547562908655,23.36920320233881
2013-07-07,1.826890860995536,1.3811712251446329,38.94867200389801
2013-07-08,1.8790877427382657,1.1681722368059138,23.36920320233881
2013-07-09,2.60984408713648,1.843961510079127,208.41072139860074
2013-07-10,1.2005282800827808,1.0756809224873578,7.7897344007796026
2013-07-11,1.7746939792528063,1.1030828848743344,23.36920320233881
2013-07-12,2.818631614107398,1.66233823545612,208.2545150306935
2013-07-13,1.9834815062237248,0.8985565861143331,7.7897344007796026
2013-07-14,2.4532534419082914,1.1373443121973517,54.52814080545722
2013-07-15,1.9312846244809954,1.4297190600435943,68.46460157516053
2013-07-16,1.5137095705391583,1.1069420787672044,15.579468801559205
2013-07-17,2.087875269709184,0.9538086372867224,23.36920320233881
2013-07-18,1.7746939792528063,1.1030828848743346,15.579468801559205
2013-07-19,1.826890860995536,1.2240286110685021,38.94867200389801
2013-07-20,3.653781721991072,2.9533433448458726,948.8629405872213
2013-07-21,2.870828495850128,2.291499197367446,360.65029395988836
2013-07-22,2.453253441908291,2.039428221747542,311.56310969894224
2013-07-23,2.7664347323646687,2.0226309977151384,311.44453433859695
2013-07-24,4.071356775932909,2.372569028760184,826.6079167009178
2013-07-25,4.071356775932909,1.3446672252525809,464.7775514752351
2013-07-26,1.7746939792528063,1.6485996673635563,138.45931815949154
2013-07-27,2.0356783879664544,1.7252800584626142,163.86488648228433
2013-07-28,1.9834815062237248,1.426733218162794,54.52814080545722
2013-07-29,2.5576472053937507,1.499596794768033,127.49646071768557
2013-07-30,2.0356783879664544,1.1571687994047386,38.94867200389801
2013-07-31,2.2966627966801023,1.2064830983069788,54.52814080545722
2013-08-01,2.7142378506219393,1.206483098306979,93.47681280935524
2013-08-02,1.6181033340246176,1.010260763129421,15.579468801559205
2013-08-03,3.288403549791965,2.0835588916497882,459.88615838722933
2013-08-04,2.4532534419082914,1.8277011918674952,164.9583310576349
2013-08-05,2.9752222593355877,1.6022494711110136,237.77044460195603
2013-08-06,2.087875269709184,1.365646139727875,46.73840640467762
2013-08-07,1.9312846244809954,1.278557264340827,46.73840640467762
2013-08-08,2.505450323651021,2.023333666139224,264.3127708453212
2013-08-09,4.541128711617476,2.2413234577800143,924.8632295755934
2013-08-10,2.7142378506219393,1.087509168481618,77.89734400779602
2013-08-11,2.1922690331946435,1.5342687172089924,76.25433597594014
2013-08-12,1.5659064522818882,0.6659606383445968,0.0
2013-08-13,2.348859678422832,1.4919942271887279,119.70672631690596
2013-08-14,3.601584840248343,1.491994227188728,358.3391471111818
2013-08-15,3.288403549791965,2.116052998499165,492.57521099951816
2013-08-16,1.9312846244809954,0.736890479191714,0.0
2013-08-17,1.7746939792528063,0.6308851131515191,0.0
2013-08-18,2.348859678422832,0.8514445147136395,23.36920320233881
2013-08-19,1.5659064522818882,1.2929297386880934,31.15893760311841
2013-08-20,1.826890860995536,0.736890479191714,0.0
2013-08-21,2.0356783879664544,1.214702542929839,46.73840640467762
2013-08-22,2.60984408713648,1.5636353757389867,136.92920315032106
2013-08-23,3.236206668049235,1.519372551673219,245.56017900273565
2013-08-24,3.7581754854765315,1.7326794350534347,449.3542890415831
2013-08-25,2.2966627966801023,1.3147344756524924,76.25433597594014
2013-08-26,3.288403549791965,1.5146874571035094,247.20318703459154
2013-08-27,3.705978603733802,1.3562457868783664,348.35684122204094
2013-08-28,3.7581754854765315,1.2251893781487597,334.2641740844304
2013-08-29,3.392797313277424,0.9403000436214107,182.0246015231428
2013-08-30,1.6703002157673472,1.206483098306979,37.30566397204212
2013-08-31,3.4449941950201537,1.5342687172089922,298.60151814424415
2013-09-01,2.244465914937373,0.9759075216313449,31.15893760311841
2013-09-02,3.497191076762883,2.3934468456038656,618.4286636853478
2013-09-03,2.348859678422832,1.1273013401808754,54.52814080545722
2013-09-04,2.0356783879664544,1.1571687994047386,31.15893760311841
2013-09-05,3.1840097863065058,1.6093312712395764,306.43456589024555
2013-09-06,3.236206668049235,0.9715279594195207,164.8021246897277
2013-09-07,4.436734948132016,1.3811712251446324,611.1828104034134
2013-09-08,3.9669630124474495,2.4688724432360725,863.2887552013308
2013-09-09,2.7142378506219393,1.596027119561479,205.28091170279617
2013-09-10,2.087875269709184,1.6793533997775867,139.9461198234402
2013-09-11,3.0796160228210465,2.1847996110261922,406.45146215712265
2013-09-12,3.288403549791965,1.7643848553003325,304.7482445131679
2013-09-13,6.942185271783036,1.0434836502126168,2354.2883924903986
2013-09-14,3.0796160228210465,1.4297190600435943,222.50338853621128
2013-09-15,2.870828495850128,1.3562457868783664,164.8021246897277
2013-09-16,5.324081937758419,1.8191258777217751,1234.0399304107057
2013-09-17,4.697719356845664,1.2390337653589782,704.3905238221761
2013-09-18,5.010900647302042,2.2164509806081596,1243.2412044603102
2013-09-19,5.27188505601569,1.8089390061612518,1225.3882198176061
2013-09-20,4.123553657675639,1.6717180075647362,569.6105788149945
2013-09-21,5.480672582986608,1.2147025429298386,1146.860368000521
2013-09-22,3.1840097863065058,1.1669547562908653,174.23486712236317
2013-09-23,2.5576472053937507,1.4056547484747925,105.77026554720265
2013-09-24,2.453253441908291,1.453384983200991,133.7993934545165
2013-09-25,2.6620409688792095,1.821468603583327,220.70417413644816
2013-09-26,2.0356783879664544,1.3222811889946264,52.88513277360133
2013-09-27,2.1922690331946435,1.702889029427279,135.28619511846517
2013-09-28,5.010900647302042,2.2470241625143434,1230.7915453545556
2013-09-29,5.115294410787501,2.557114528681654,1523.6453765561344
2013-09-30,2.5576472053937507,1.4995967947680329,143.07592951924477
2013-10-01,5.16749129253023,2.431159802654619,1340.0097156710372
2013-10-02,3.0796160228210465,0.637608767849832,85.68707840857563
2013-10-03,3.027419141078317,1.5636353757389867,217.68725746332902
2013-10-04,1.9834815062237248,1.806580032317661,161.67231499392312
2013-10-05,3.1840097863065058,1.330853604151528,222.50338853621128
2013-10-06,4.488931829874746,1.378080200251331,648.7256250961465
2013-10-07,4.175750539418368,2.412966196613958,884.1529741794942
2013-10-08,3.3406004315346944,1.3656461397278752,247.35939340249874
2013-10-09,3.3406004315346944,1.1485376915957062,216.35666216728754
2013-10-10,2.5576472053937507,0.8646973658743352,46.73840640467762
2013-10-11,2.505450323651021,1.279668570299731,111.91699191612636
2013-10-12,2.7142378506219393,2.206165769748669,329.8037690925844
2013-10-13,2.818631614107398,1.7028890294272785,229.98071020117644
2013-10-14,1.7224970975100768,1.269631799099499,31.15893760311841
2013-10-15,2.818631614107398,1.8191258777217756,258.1660444763975
2013-10-16,3.0274191410783167,2.661707208303056,619.0158581494148
2013-10-17,1.5659064522818882,1.3446672252525806,45.09539837282172
2013-10-18,2.505450323651021,1.7326794350534347,178.738585459431
2013-10-19,2.453253441908291,1.8277011918674952,200.46478062991392
2013-10-20,3.1318129045637764,2.0567794636316283,344.24647997357124
2013-10-21,4.541128711617476,1.8768169410111402,854.556100255448
2013-10-22,3.1318129045637764,1.3319212766891935,182.0246015231428
2013-10-23,4.697719356845664,1.620773201769746,831.2245280606711
2013-10-24,5.27188505601569,1.6093312712395766,1144.511590144253
2013-10-25,5.27188505601569,2.056088225345048,1331.5142114458451
2013-10-26,6.3680195726130115,3.69254544480962,3795.8508017751433
2013-10-27,4.541128711617476,1.3222811889946264,656.9839786006478
2013-10-28,5.5328694647293375,1.1632946696289366,1172.265936323314
2013-10-29,5.480672582986608,1.1571687994047384,1129.244534078508
2013-10-30,4.384538066389287,0.6398342851498653,447.66796766450545
2013-10-31,7.411957207467604,1.60667925415959,3127.6235016667765
2013-11-01,8.038319788380358,1.60667925415959,3955.567696001396
2013-11-02,6.629003981326659,0.5816473348144684,1942.0778787152897
2013-11-03,4.749916238588393,1.2785572643408265,740.2093861302694
2013-11-04,9.343241831948598,1.1669547562908655,5907.989289024523
2013-11-05,6.002641400413904,1.5663602724485761,1663.7477027474815
2013-11-06,5.898247636928446,3.0791736445924007,2542.5839780804704
2013-11-07,1.826890860995536,1.4766716724229363,54.52814080545722
2013-11-08,2.401056560165562,1.3780802002513315,85.68707840857563
2013-11-09,4.332341184646557,1.4297190600435943,585.0338412486465
2013-11-10,3.9669630124474495,1.7971131722286657,552.7005147173937
2013-11-11,3.1318129045637764,1.3822000306691447,222.34718216830404
2013-11-12,3.3406004315346944,1.63822013290648,321.03348313913966
2013-11-13,3.1318129045637764,2.422373507911149,568.7919159678964
2013-11-14,5.428475701243879,1.1485376915957064,1097.1050449227243
2013-11-15,3.8625692489619907,0.8985565861143326,300.24452617610007
2013-11-16,4.123553657675639,1.8277011918674957,638.274700103284
2013-11-17,7.098775917011225,4.825932393227915,4361.140888683734
2013-11-18,6.3680195726130115,3.942761568592001,3901.085013897219
2013-11-19,3.601584840248343,1.62340219490357,373.91861591274096
2013-11-20,3.601584840248343,0.9281273614759766,221.12947989494802
2013-11-21,3.3406004315346944,0.8793681135214885,154.15167998373616
2013-11-22,4.854310002073853,2.000015265257208,1048.91746786166
2013-11-23,3.5493879585056134,0.6032415491534896,163.58442241637167
2013-11-24,4.958703765559313,1.8646592944123268,1081.2507943929127
2013-11-25,4.384538066389287,2.0233336661392243,831.9302978850836
2013-11-26,3.5493879585056125,1.8715076886741886,460.941971955018
2013-11-27,4.6455224751029345,2.9663103590370294,1532.1032497737644
2013-11-28,2.60984408713648,1.2205396863156521,97.98053114642305
2013-11-29,2.923025377592858,1.5960271195614792,195.9610622928461
2013-11-30,2.818631614107398,1.8191258777217751,223.83398383225273
2013-12-01,2.348859678422832,0.998940957516895,46.73840640467762
2013-12-02,2.818631614107398,1.3446672252525806,116.84601601169403
2013-12-03,1.7224970975100768,0.8103866008848729,0.0
2013-12-04,2.1922690331946435,1.3446672252525804,84.04407037671973
2013-12-05,5.480672582986608,1.5590832980283988,1266.6480386702108
2013-12-06,2.60984408713648,1.220539686315652,104.12725751534676
2013-12-07,1.9834815062237248,1.2752175356996636,45.09539837282172
2013-12-08,3.4449941950201537,1.5781137899690694,326.630646051558
2013-12-09,3.810372367219261,2.1374413171157665,582.2164442886562
2013-12-10,4.332341184646557,2.9777891908045797,1354.926727993406
2013-12-11,2.244465914937373,1.3811712251446326,84.04407037671973
2013-12-12,2.5576472053937507,1.4056547484747923,107.41327357905854
2013-12-13,3.4971910767628835,0.7368904791917141,163.58442241637167
2013-12-14,4.6455224751029345,1.4056547484747925,731.8324572654229
2013-12-15,5.0630975290447715,1.6717180075647358,1061.286182614631
2013-12-16,2.7142378506219393,1.5081038728837233,151.0218702879316
2013-12-17,2.818631614107398,2.2546026803617507,408.05683918141665
2013-12-18,3.1840097863065058,1.224028611068502,200.62098699782115
2013-12-19,2.7142378506219393,1.6793533997775867,152.50867195188027
2013-12-20,2.244465914937373,1.5221766867288318,85.68707840857563
2013-12-21,2.1400721514519137,1.453384983200991,84.04407037671973
2013-12-22,3.1840097863065058,2.022630997715139,406.45146215712265
2013-12-23,1.6703002157673472,1.0228458114726615,37.30566397204212
2013-12-24,2.0356783879664544,1.214702542929839,38.94867200389801
2013-12-25,3.027419141078317,1.0393888653522658,129.13946874954146
2013-12-26,1.9312846244809954,1.5663602724485763,96.49372948247438
2013-12-27,1.7224970975100768,1.269631799099499,52.88513277360133
2013-12-28,2.4532534419082914,1.5444264904368128,133.7993934545165
2013-12-29,2.975222259335587,1.6442828239569784,250.37631007561788
2013-12-30,2.505450323651021,1.6520450204786379,122.99274238061776
2013-12-31,1.409315807053699,1.1273013401808754,15.579468801559205
2014-01-01,2.5576472053937507,1.7514469366169896,186.52831986021062
2014-01-02,4.488931829874746,1.2752175356996638,617.3295367723372
2014-01-03,2.348859678422832,2.03384456110743,200.62098699782112
2014-01-04,5.0630975290447715,2.0394282217475426,1222.7270292255232
2014-01-05,4.802113120331123,1.9076172745734443,964.3614650359967
2014-01-06,3.7581754854765315,0.0,186.95362561871048
2014-01-07,2.8708284958501284,1.4056547484747925,124.63575041247364
2014-01-08,2.0878752697091842,1.5526879689400892,77.89734400779602
2014-01-09,2.0878752697091842,1.6382201329064805,85.68707840857563
2014-01-10,2.1400721514519137,1.900898977253313,253.11844502048444
2014-01-11,3.8625692489619907,1.2752175356996638,384.01949716222714
2014-01-12,4.071356775932909,1.061045125923685,401.08576762773504
2014-01-13,2.870828495850128,1.6717180075647358,230.13691656908364
2014-01-14,4.436734948132016,2.763885802183744,1264.6926179025404
2014-01-15,4.749916238588393,2.812825981549819,1516.5990429873289
2014-01-16,3.7581754854765315,1.4307129559300835,377.87277079330346
2014-01-17,4.071356775932909,0.9946628181258186,391.14109274615606
2014-01-18,3.7581754854765315,0.0,186.95362561871048
2014-01-19,4.019159894190179,1.882866326370644,630.2101839742518
2014-01-20,2.9752222593355877,1.3729130271992676,172.7480654584145
2014-01-21,4.332341184646557,1.5221766867288318,609.6960087394648
2014-01-22,3.027419141078317,1.1030828848743344,130.78247678139735
2014-01-23,2.7664347323646687,1.224028611068502,133.6431870866093
2014-01-24,3.91476613070472,1.965603831848485,650.7619902166006
2014-01-25,4.906506883816582,1.1030828848743341,777.3588437344044
2014-01-26,5.21968817427296,3.399093502736719,2269.6571276496115
2014-01-27,9.13445430497768,2.1052773562239175,6170.3168357883305
2014-01-28,5.428475701243879,1.943055918839041,1392.7386420767314
2014-01-29,5.324081937758419,1.7028890294272787,1243.7474545715936
2014-01-30,8.038319788380358,2.6872193621319536,4617.610638733277
2014-01-31,0.8351501078836736,0.8793681135214882,0.0
2014-02-01,0.7307563443982144,1.0393888653522658,7.7897344007796026
2014-02-02,1.6181033340246176,1.2515899326282922,37.30566397204212
2014-02-03,1.9312846244809954,1.278557264340827,31.15893760311841
2014-02-04,1.8790877427382657,1.8470424838401331,133.64318708660926
2014-02-05,8.142713551865818,1.9547260292848123,4319.6282637230015
2014-02-06,4.958703765559313,1.7514469366169896,1003.7034941284929
2014-02-07,5.741656991700256,1.7293947317486698,1533.977726188651
2014-02-08,2.818631614107398,1.4425862960798224,150.86566392002436
2014-02-09,3.3406004315346944,1.8346875459549483,384.7252669866397
2014-02-10,3.91476613070472,1.065056652995128,349.84364288598965
2014-02-11,3.027419141078317,1.1030828848743346,143.07592951924477
2014-02-12,2.7142378506219393,1.261770226303038,105.77026554720265
2014-02-13,3.810372367219261,2.3210840590164032,710.7744009117906
2014-02-14,6.263625809127553,2.6121125309260047,2558.044871521684
2014-02-15,3.027419141078317,1.6485996673635563,237.92665096986326
2014-02-16,4.123553657675639,1.5879911277609156,536.415276091422
2014-02-17,5.376278819501149,2.435832867615862,1570.5023583211573
2014-02-18,6.002641400413904,3.0232687177691338,2433.3658077639884
2014-02-19,4.854310002073853,1.5808137299926635,896.559319940027
2014-02-20,3.7581754854765315,1.4776339870721065,387.6988703145371
2014-02-21,14.093158070536992,2.6445623779892533,17640.412477735616
2014-02-22,6.5246102178412,1.4766716724229365,2099.4459950852743
2014-02-23,5.16749129253023,1.445539392918808,1037.7984040519468
2014-02-24,6.733397744812119,1.5590832980283988,2327.2774471433113
2014-02-25,5.21968817427296,1.2617702263030384,1010.2002642407928
2014-02-26,7.88172914315217,1.7514469366169896,3816.4026080174913
2014-02-27,9.03006054149222,3.177324692604191,6873.619597372816
2014-02-28,4.280144302903827,2.119409151279809,782.8807446316991
2014-03-01,4.488931829874746,2.3044893090303282,927.0558010639546
2014-03-02,5.846050755185715,1.0228458114726617,1366.040109465459
2014-03-03,4.123553657675639,2.435832867615863,846.1415403830395
2014-03-04,3.288403549791965,1.5146874571035096,287.68197404766
2014-03-05,5.950444518671174,2.1301133059902555,1874.238102611758
2014-03-06,4.749916238588393,2.153343145635592,1031.1454275717394
2014-03-07,3.705978603733802,1.971380784296001,515.3948507453516
2014-03-08,6.159232045642093,3.021857843280958,2569.1639353313967
2014-03-09,4.332341184646556,3.464948647096245,1697.6920886406886
2014-03-10,7.82953226140944,0.8464211993996655,3361.3268983654843
2014-03-11,3.810372367219261,3.354895619963433,1338.9162710956866
2014-03-12,10.126195058089543,1.9864653534836565,8083.983594183029
2014-03-13,4.593325593360205,3.0162077457674465,1422.1793096328702
2014-03-14,8.403697960579466,2.435832867615862,5175.6094136586535
2014-03-15,6.107035163899364,1.744942004443405,1872.7889319553715
2014-03-16,10.961345165973215,1.7812232654871218,9956.695118767218
2014-03-17,5.115294410787501,1.9864653534836556,1230.516763626303
2014-03-18,5.480672582986608,1.8026415492542018,1393.4820429087056
2014-03-19,5.689460109957526,2.121420294371527,1695.143791071291
2014-03-20,5.480672582986608,1.9828841979600464,1460.4222118123555
2014-03-21,4.488931829874746,1.8065800323176608,797.2858245051242
2014-03-22,6.942185271783036,1.9886109512505763,2819.3464080315457
2014-03-23,5.846050755185715,1.719502974358856,1591.210370931413
2014-03-24,2.818631614107398,1.5781137899690694,202.81355848618236
2014-03-25,6.629003981326659,2.624599059160962,2861.4682030764707
2014-03-26,4.541128711617476,2.0505499305036397,877.300477986158
2014-03-27,8.299304197094006,1.3729130271992678,4233.310677505137
2014-03-28,8.560288605807655,3.358706799555172,6192.035203265095
2014-03-29,5.689460109957526,1.8089390061612518,1526.0317854199645
2014-03-30,3.4449941950201537,2.3436341776710012,560.8836062067714
2014-03-31,6.8377915082975775,3.32424888728615,3889.6535373516917
2014-04-01,10.856951402487757,2.1750183369632374,10001.321898036318
2014-04-02,5.16749129253023,1.6649015958614914,1059.643174582775
2014-04-03,7.150972798753955,1.671718007564736,2849.8805201630353
2014-04-04,7.725138497923981,3.7247418001227954,5506.199896928434
2014-04-05,5.21968817427296,2.5235404526060763,1567.4101796329144
2014-04-06,3.810372367219261,1.4056547484747925,397.95595793193047
2014-04-07,4.019159894190179,2.8609290933979,1101.102513148509
2014-04-08,3.653781721991072,1.378080200251331,320.3277133147271
2014-04-09,2.818631614107398,3.2468043898071404,916.254832327716
2014-04-10,7.255366562239414,2.0890096763507247,3164.4605465350974
2014-04-11,2.453253441908291,2.7515147480561817,565.2311181759321
2014-04-12,6.002641400413904,4.4785226066856545,4205.919885100831
2014-04-13,6.942185271783036,1.6920024868653167,2604.433234182985
2014-04-14,8.664682369293113,2.811309496949585,5918.410410703542
2014-04-15,5.898247636928445,1.5879911277609158,1574.1817314734672
2014-04-16,5.898247636928445,3.3751721820277907,2802.8297010225438
2014-04-17,7.77733537966671,1.330853604151528,3462.911540649094
2014-04-18,3.91476613070472,2.2865311715831864,661.4876969377156
2014-04-19,4.854310002073853,1.0650566529951278,745.2193545786208
2014-04-20,4.854310002073853,1.5370456764354476,875.2641128657039
2014-04-21,4.593325593360205,1.314734475652492,678.5539674032234
2014-04-22,6.420216454355741,2.0338445611074296,2274.429945377272
2014-04-23,5.376278819501149,1.544426490436813,1184.1284009650017
2014-04-24,6.47241333609847,3.1053759378801784,3148.293883269471
2014-04-25,6.47241333609847,2.680864084739426,2666.6382163665367
2014-04-26,6.3680195726130115,2.8354759256822026,2668.0873870229234
2014-04-27,8.403697960579466,1.8646592944123268,4657.265080561588
2014-04-28,8.612485487550384,1.7449420044434047,4941.467201170067
2014-04-29,5.115294410787501,2.2444923034990008,1370.9748158986868
2014-04-30,3.1840097863065058,1.4766716724229365,211.5405310944053
2014-05-01,5.898247636928445,1.0102607631294216,1405.3821385579552
2014-05-02,4.6455224751029345,0.9403000436214098,612.6696120673621
2014-05-03,5.793853873442985,0.8906116327435607,1287.9432457445337
2014-05-04,4.697719356845664,1.8191258777217754,851.0329334710453
2014-05-05,2.7142378506219393,2.297075383191413,376.77932621795287
2014-05-06,3.288403549791965,2.927722564894034,926.2371382168568
2014-05-07,2.9230253775928574,2.1750183369632365,475.39036517366475
2014-05-08,3.8625692489619907,2.661707208303056,906.1539510782296
2014-05-09,3.9669630124474495,2.4963561000896624,993.3711444959757
2014-05-10,2.1400721514519137,1.630392118274557,201.1329194467646
2014-05-11,1.9834815062237248,1.5193725516732193,82.40106234486385
2014-05-12,5.0630975290447715,3.571612189639067,2354.4879122035272
2014-05-13,2.9230253775928574,2.9008957199812397,797.4853442182533
2014-05-14,2.60984408713648,1.9864653534836563,284.2773826236029
2014-05-15,4.2279474211610975,2.3886908610820745,920.4404555913094
2014-05-16,1.7224970975100768,0.9641844833135226,7.7897344007796026
2014-05-17,2.244465914937373,1.278557264340827,76.25433597594014
2014-05-18,1.6181033340246176,1.0102607631294211,7.7897344007796026
2014-05-19,3.288403549791965,2.9739678364028297,1033.1441616846319
2014-05-20,2.505450323651021,1.6102143062970995,149.37886225607568
2014-05-21,3.236206668049235,1.9165383705060854,376.93553258586013
2014-05-22,4.958703765559312,1.6303921182745569,975.0871717571118
2014-05-23,3.497191076762883,1.4297190600435943,310.89497088209157
2014-05-24,1.9312846244809954,1.6093312712395764,156.07515208150474
2014-05-25,1.9834815062237248,1.6066792541595898,110.43019025217768
2014-05-26,3.810372367219261,1.544426490436813,437.610399760241
2014-05-27,4.488931829874745,2.5571145286816535,1141.225574080541
2014-05-28,4.384538066389287,1.9893256362516374,837.3336234220329
2014-05-29,4.906506883816582,1.7293947317486706,974.3437709251376
2014-05-30,4.2279474211610975,1.8768169410111402,675.5803640753261
2014-05-31,4.123553657675639,2.231152907482323,784.3299152880862
2014-06-01,2.818631614107398,1.5781137899690694,192.83125259704153
2014-06-02,3.91476613070472,1.8949071609998789,584.2528094091103
2014-06-03,2.7142378506219393,2.5504350713993276,486.4284846305945
2014-06-04,2.9230253775928574,1.9430559188390415,297.6642799368008
2014-06-05,2.7142378506219393,1.8715076886741886,267.9921439976311
2014-06-06,1.3571189253109697,0.9715279594195206,15.579468801559205
2014-06-07,1.30492204356824,0.9403000436214107,0.0
2014-06-08,4.280144302903827,1.648599667363556,629.7791958780919
2014-06-09,2.244465914937373,2.3647674653645505,355.75890087188253
2014-06-10,3.705978603733802,1.1958322298600583,318.8409116507784
2014-06-11,3.392797313277424,1.9713807842960012,428.3338636955128
2014-06-12,2.0356783879664544,1.0325281377991486,31.15893760311841
2014-06-13,2.4532534419082914,1.4056547484747925,111.91699191612636
2014-06-14,1.8790877427382657,0.8260225102393189,15.579468801559205
2014-06-15,4.123553657675639,2.2615273454131026,798.8912015294183
2014-06-16,2.087875269709184,1.2064830983069785,38.94867200389801
2014-06-17,6.8377915082975775,1.5663602724485761,2426.9442996668117
2014-06-18,3.288403549791965,0.890611632743561,146.36194558295657
2014-06-19,2.087875269709184,1.462160953493996,96.33752311456716
2014-06-20,2.087875269709184,1.596027119561479,133.6431870866093
2014-06-21,1.8268908609955359,1.0434836502126166,7.7897344007796026
2014-06-22,1.2005282800827808,1.010260763129421,7.7897344007796026
2014-06-23,0.9395438713691329,0.761555125587607,0.0
2014-06-24,0.9917407531118624,0.736890479191714,0.0
2014-06-25,1.6181033340246176,1.0102607631294211,7.7897344007796026
2014-06-26,1.1483313983400512,0.9715279594195206,0.0
2014-06-27,2.60984408713648,1.8806000872428215,244.77914716319953
2014-06-28,4.802113120331124,1.5526879689400885,871.6223707209558
2014-06-29,5.27188505601569,1.224028611068502,1024.8801258424705
2014-06-30,6.315822690870282,0.9403000436214104,1730.6878716511317
2014-07-01,5.793853873442985,3.0865511302067548,2429.6864346116786
2014-07-02,5.428475701243879,1.2617702263030381,1142.9062131199587
2014-07-03,3.8625692489619907,1.7293947317486702,527.6883034831991
2014-07-04,3.601584840248343,1.186284514380092,283.02204934268497
2014-07-05,4.280144302903827,2.5836596815910586,1050.0165947746707
2014-07-06,5.846050755185715,2.6808640847394263,2155.03563179618
2014-07-07,6.3680195726130115,1.72939473174867,2072.8660378343475
2014-07-08,5.950444518671174,2.2846653767628204,1962.9044666858908
2014-07-09,3.91476613070472,1.9656038318484852,623.1638504054465
2014-07-10,3.5493879585056125,1.871507688674189,473.9788255248398
2014-07-11,3.0274191410783167,1.473780958383428,228.49390853722775
2014-07-12,5.16749129253023,2.5676548002926154,1615.4039193185101
2014-07-13,5.115294410787501,2.3916644597201167,1561.2258222564292
2014-07-14,4.749916238588393,1.8462727224048103,934.2583410006671
2014-07-15,5.950444518671174,1.442586296079822,1567.878798736636
2014-07-16,4.123553657675639,2.0726143175093514,754.2267912527565
2014-07-17,2.192269033194643,1.4891332576776712,110.43019025217768
2014-07-18,2.9752222593355877,1.6022494711110136,246.26594882714818
2014-07-19,2.505450323651021,1.7716209137796672,220.70417413644816
2014-07-20,2.0356783879664544,1.269631799099499,68.46460157516053
2014-07-21,3.7581754854765315,1.6102143062971,453.7394320183056
2014-07-22,5.27188505601569,2.5319757088394743,1599.7058751566053
2014-07-23,7.986122906637629,2.7597682791493217,4681.183847220432
2014-07-24,4.854310002073853,1.5808137299926628,899.9262803565223
2014-07-25,3.9669630124474495,2.236879532092676,794.5870029054797
2014-07-26,3.4449941950201537,2.1619077995698963,473.2730557004273
2014-07-27,5.480672582986608,3.0643653897497574,2355.276771736782
2014-07-28,9.343241831948598,1.1669547562908658,5911.512455808926
2014-07-29,3.1318129045637764,1.10822549030408,144.71893755110065
2014-07-30,2.870828495850128,1.3562457868783664,177.40799016338954
2014-07-31,4.2279474211610975,2.116052998499165,818.230987836071
2014-08-01,2.818631614107398,2.0650562755982973,331.84013421303837
2014-08-02,1.6181033340246176,0.8646973658743353,15.579468801559205
2014-08-03,2.7664347323646687,2.121420294371527,379.5590921703811
2014-08-04,3.810372367219261,1.4533849832009909,412.048625069541
2014-08-05,3.236206668049235,1.7293947317486702,351.998583366789
2014-08-06,3.236206668049235,1.473780958383428,265.95577887717707
2014-08-07,3.91476613070472,1.8585506480384677,576.7754877441452
2014-08-08,4.802113120331123,0.6032415491534895,635.5701961659793
2014-08-09,5.010900647302042,0.5224225061852008,736.5676439855215
2014-08-10,4.175750539418368,0.7980135597807398,388.7923148898876
2014-08-11,3.705978603733802,1.4056547484747925,335.75097574837906
2014-08-12,6.315822690870282,3.5524570364318206,3111.4192073935883
2014-08-13,5.21968817427296,0.7073634172824567,879.8430932178952
2014-08-14,4.541128711617476,0.8103866008848726,541.0318874511753
2014-08-15,2.818631614107398,0.7615551255876071,62.31787520623682
2014-08-16,4.175750539418368,1.0228458114726615,430.7579035669048
2014-08-17,2.7664347323646687,1.330853604151528,143.07592951924477
2014-08-18,2.244465914937373,1.6093312712395764,113.55999994798225
2014-08-19,4.854310002073853,1.6649015958614917,907.2473956535802
2014-08-20,2.4010565601655616,0.81911006645324,31.15893760311841
2014-08-21,2.348859678422832,0.7671343586044962,23.36920320233881
2014-08-22,2.1922690331946435,0.9946628181258186,38.94867200389801
2014-08-23,2.0356783879664544,1.0966207151204974,38.94867200389801
2014-08-24,4.280144302903827,1.2205396863156521,516.332088952795
2014-08-25,3.810372367219261,0.6890401001256657,250.4892030983033
2014-08-26,3.1318129045637764,0.6398342851498657,93.47681280935524
2014-08-27,2.818631614107398,0.5541127451520401,46.73840640467762
2014-08-28,4.541128711617476,0.6195168826794887,512.8465531759542
2014-08-29,5.16749129253023,0.9989409575168947,903.9180662446466
2014-08-30,7.046579035268496,1.2147025429298393,2524.5747870698588
2014-08-31,3.027419141078317,1.1632946696289366,150.86566392002436
2014-09-01,6.002641400413904,1.3811712251446329,1586.2380334906238
2014-09-02,2.7664347323646687,1.8089390061612527,229.98071020117644
2014-09-03,1.7746939792528063,0.9715279594195206,7.7897344007796026
2014-09-04,7.046579035268496,1.2696317990994987,2542.1906209918716
2014-09-05,6.8377915082975775,0.9759075216313446,2226.2799993237695
2014-09-06,5.689460109957526,1.3811712251446324,1339.3039458466246
2014-09-07,1.9834815062237248,1.0393888653522658,23.36920320233881
2014-09-08,3.5493879585056134,0.7980135597807395,197.60407032470198
2014-09-09,5.010900647302042,0.8260225102393189,778.8456453983531
2014-09-10,9.447635595434058,3.2620917755590457,7896.229744355744
2014-09-11,8.351501078836735,1.5960271195614784,4420.625711542544
2014-09-12,5.689460109957526,0.9032900161588302,1216.3055211283468
2014-09-13,6.994382153525766,2.333909512581731,2985.797223090789
2014-09-14,3.0796160228210465,0.8242998336817781,101.26654721013483
2014-09-15,2.7142378506219393,1.0875091684816185,85.68707840857563
2014-09-16,3.392797313277424,1.405654748474793,275.07610857399817
2014-09-17,2.2966627966801023,1.2064830983069785,46.73840640467762
2014-09-18,1.4615126887964287,0.4769043186433612,0.0
2014-09-19,5.793853873442985,0.8906116327435607,1287.9432457445337
2014-09-20,7.150972798753956,0.7818176878694937,2511.656508860383
2014-09-21,8.299304197094006,1.8026415492542016,4434.131184216088
2014-09-22,5.324081937758419,2.1619077995698968,1419.1247619521894
2014-09-23,2.7664347323646687,0.8242998336817782,62.31787520623682
2014-09-24,3.392797313277424,0.6890401001256657,146.36194558295657
2014-09-25,1.4615126887964287,0.4769043186433611,0.0
2014-09-26,2.244465914937373,0.519694432676133,0.0
2014-09-27,2.348859678422832,0.9281273614759765,38.94867200389801
2014-09-28,1.2527251618255104,0.9048623237302341,0.0
2014-09-29,1.5137095705391586,0.736890479191714,15.579468801559205
2014-09-30,5.793853873442985,1.6442828239569787,1531.0417538683157
2014-10-01,5.115294410787501,0.8191100664532398,836.3907028769295
2014-10-02,6.889988390040307,0.6398342851498655,2209.251359865823
2014-10-03,7.203169680496685,2.2241336760208403,3238.0160609113927
2014-10-04,10.54377011203138,0.6308851131515186,8296.109174385443
2014-10-05,7.672941616181252,1.3478348791714994,3341.94948105127
2014-10-06,6.054838282156634,1.3147344756524921,1611.4873954455093
2014-10-07,7.255366562239414,1.0434836502126166,2706.6050709306614
2014-10-08,6.629003981326659,0.8646973658743349,2001.9717140501343
2014-10-09,4.019159894190179,1.6093312712395764,534.6536926992208
2014-10-10,2.6620409688792095,0.423210599699833,23.36920320233881
2014-10-11,3.810372367219261,1.1373443121973514,334.1079677165232
2014-10-12,6.107035163899364,1.3478348791714994,1657.8757581068107
2014-10-13,4.2279474211610975,1.8026415492542012,674.0935624113774
2014-10-14,6.159232045642093,2.1513618449747147,2098.858800621207
2014-10-15,3.392797313277424,1.1958322298600585,231.62371823303232
2014-10-16,4.280144302903827,1.4267332181627939,565.9312056626845
2014-10-17,7.046579035268496,1.3729130271992678,2580.945455620301
2014-10-18,9.604226240662246,0.7073634172824574,6252.672439431914
2014-10-19,4.593325593360205,2.1434183279616486,981.9396679504481
2014-10-20,6.942185271783036,1.4766716724229363,2516.354064572919
2014-10-21,6.107035163899364,0.9281273614759771,1548.6575877903288
2014-10-22,3.653781721991072,1.378080200251332,353.01676592701597
2014-10-23,4.541128711617476,0.8103866008848725,540.7194747153608
2014-10-24,3.236206668049235,1.4267332181627945,245.56017900273565
2014-10-25,4.697719356845664,1.1826842495844925,693.9772298368754
2014-10-26,4.6455224751029345,2.5720798872468524,1171.4472734762162
2014-10-27,6.211428927384823,1.3562457868783664,1750.4962770615061
2014-10-28,8.403697960579466,0.6890401001256651,4139.359563254399
2014-10-29,7.77733537966671,1.224028611068502,3406.540872098651
2014-10-30,3.1840097863065058,0.6376087678498321,101.26654721013483
2014-10-31,11.58770774688597,5.773300546963401,13085.819801695327
2014-11-01,10.43937634854592,3.517472454085954,10074.71488581202
2014-11-02,4.436734948132016,2.393446845603865,1010.1250022256692
2014-11-03,9.23884806846314,1.032528137799149,5656.670058403802
2014-11-04,8.716879251035843,0.9403000436214115,4713.635749112029
2014-11-05,5.846050755185715,1.8346875459549483,1654.939785786475
2014-11-06,10.282785703317732,3.405360658514874,9625.511120800684
2014-11-07,6.315822690870282,3.056934362407548,2966.850793872735
2014-11-08,9.343241831948598,1.1669547562908662,5907.989289024523
2014-11-09,7.359760325724873,1.6649015958614914,3084.758305789878
2014-11-10,6.263625809127553,2.6893344505051604,2529.390918142741
2014-11-11,9.13445430497768,1.010260763129421,5461.721496333523
2014-11-12,8.403697960579466,1.7120466507372474,4572.709077735924
2014-11-13,7.568547852695793,0.5816473348144678,2967.319412976457
2014-11-14,6.785594626554848,1.378080200251331,2310.248807685365
2014-11-15,4.123553657675639,0.5816473348144684,339.0369918120909
2014-11-16,4.436734948132016,1.4297190600435943,637.5689302788714
2014-11-17,8.769076132778574,1.6102143062970993,5129.956624135608
2014-11-18,11.69210151037143,1.02284581147266,11511.586059616913
2014-11-19,10.43937634854592,1.0228458114726617,8189.23978192523
2014-11-20,10.54377011203138,0.6308851131515193,8296.109174385443
2014-11-21,6.681200863069389,2.175018336963236,2587.2483883571317
2014-11-22,9.708620004147706,0.9946628181258192,6567.408672171883
2014-11-23,7.77733537966671,0.7368904791917129,3265.6142007225462
2014-11-24,7.150972798753955,4.170868411691793,5269.671275576017
2014-11-25,8.977863659749492,2.4688724432360734,6115.268934840211
2014-11-26,3.027419141078317,0.8985565861143331,107.41327357905854
2014-11-27,6.211428927384823,2.169128401362629,2061.396930281258
2014-11-28,6.0026414004139035,2.022630997715139,1875.1377098116395
2014-11-29,9.03006054149222,0.9032900161588308,5235.064433203619
2014-11-30,6.8377915082975775,2.089009676350725,2705.27447563462
2014-12-01,8.403697960579466,1.1958322298600579,4308.471568905727
2014-12-02,6.420216454355741,0.7671343586044966,1781.1865955609028
2014-12-03,7.255366562239414,0.8242998336817784,2646.711235595817
2014-12-04,4.123553657675639,1.5444264904368132,552.7005147173937
2014-12-05,4.175750539418368,2.078777730704532,729.4460484015925
2014-12-06,6.994382153525766,2.151361844974715,2872.4686915258376
2014-12-07,6.315822690870282,0.5816473348144692,1656.7013691786763
2014-12-08,7.359760325724873,1.3975412333794168,2950.8779679825775
2014-12-09,8.142713551865818,1.1082254903040796,3868.662915319463
2014-12-10,6.211428927384823,1.1958322298600588,1715.420815585387
2014-12-11,5.428475701243879,0.9538086372867222,1051.30387672549
2014-12-12,4.541128711617476,0.6195168826794887,512.8465531759542
2014-12-13,4.958703765559312,0.2557114528681657,686.6561145398175
2014-12-14,3.810372367219261,0.2557114528681652,208.67982078919337
2014-12-15,5.27188505601569,0.8242998336817784,929.7546226635992
2014-12-16,3.653781721991072,2.119409151279809,565.1501738231484
2014-12-17,8.351501078836735,0.7073634172824568,4064.7858663178768
2014-12-18,4.541128711617476,0.8906116327435614,555.1245545887858
2014-12-19,3.3406004315346944,1.2617702263030381,225.4769918641086
2014-12-20,1.9834815062237248,0.731080476746998,0.0
2014-12-21,5.689460109957526,1.2785572643408267,1318.4773578760235
2014-12-22,7.098775917011225,0.7980135597807401,2465.268146199081
2014-12-23,6.994382153525766,1.6894802457311064,2675.4837643351048
2014-12-24,2.60984408713648,1.2752175356996636,119.70672631690596
2014-12-25,7.88172914315217,1.0756809224873576,3495.7944306368513
2014-12-26,7.464154089210332,1.3562457868783655,3061.2705272271933
2014-12-27,6.8377915082975775,1.6093312712395766,2462.3321738787454
2014-12-28,5.21968817427296,1.261770226303038,996.1075971031822
2014-12-29,3.9669630124474495,1.0875091684816183,371.4136316885653
2014-12-30,6.629003981326659,1.1373443121973523,2065.3887161693824
2014-12-31,8.194910433608547,1.3811712251446326,4108.825451122911
2015-01-01,11.065738929458675,0.9538086372867222,9728.863666709181
2015-01-02,4.280144302903827,2.6359481454019607,1129.8750418877971
2015-01-03,4.071356775932909,1.7424963942654783,572.0779320316083
2015-01-04,6.420216454355741,3.4517957696477093,3383.446450624566
2015-01-05,9.18665118672041,1.94305591883904,6050.67754379283
2015-01-06,6.107035163899364,1.965603831848485,1946.7754344278264
2015-01-07,12.214070327798728,1.6207732017697458,13515.09357101388
2015-01-08,9.499832477176787,2.1828468625850563,6938.515573462294
2015-01-09,10.33498258506046,1.5342687172089917,8219.77389405672
2015-01-10,6.681200863069389,1.087509168481618,2108.2539120462807
2015-01-11,6.315822690870282,1.3049674313717197,1832.859708398808
2015-01-12,5.637263228214796,2.1220902518473705,1609.6881810457462
2015-01-13,4.175750539418368,2.236879532092676,778.7703833832295
2015-01-14,3.5493879585056134,0.8793681135214882,199.2470783565579
2015-01-15,6.315822690870282,0.940300043621411,1727.1647048667292
2015-01-16,4.280144302903827,2.0540131147487277,775.0910102309196
2015-01-17,8.403697960579466,1.6717180075647358,4505.768908832274
2015-01-18,5.5328694647293375,1.2205396863156517,1193.4049370297298
2015-01-19,1.6703002157673472,0.9538086372867222,7.7897344007796026
2015-01-20,3.236206668049235,0.7310804767469983,116.84601601169403
2015-01-21,3.027419141078317,1.1030828848743344,136.92920315032106
2015-01-22,3.5493879585056134,0.7980135597807392,197.60407032470198
2015-01-23,5.428475701243879,1.3147344756524921,1149.7963403208569
2015-01-24,5.585066346472067,0.824299833681778,1130.5751293745493
2015-01-25,6.054838282156633,3.5174724540859525,2972.0979130417772
2015-01-26,4.123553657675639,2.3791503701928733,906.3101574461369
2015-01-27,2.9752222593355877,0.8103866008848729,85.68707840857563
2015-01-28,5.0630975290447715,2.848979459158722,1715.0331408344491
2015-01-29,8.299304197094006,2.179588394038226,4663.137025202259
2015-01-30,7.464154089210332,2.3502965443757255,3596.791878456394
2015-01-31,4.541128711617476,1.0966207151204972,597.0901432658029
2015-02-01,7.933926024894899,3.6319950839944624,5493.5485727534915
2015-02-02,10.073998176346814,2.8728290231395137,8780.544607240805
2015-02-03,4.280144302903827,0.6308851131515187,404.2155773235396
2015-02-04,4.854310002073853,2.3454530636084803,1204.0553817357213
2015-02-05,5.115294410787501,1.220539686315652,927.993039271398
2015-02-06,4.802113120331123,1.206483098306979,751.8347000512662
2015-02-07,4.854310002073853,0.9281273614759765,713.6670598869043
2015-02-08,4.436734948132016,1.3308536041515282,613.2191755238675
2015-02-09,5.585066346472067,0.7368904791917138,1120.0056290213415
2015-02-10,4.332341184646557,0.9032900161588309,468.21977390685413
2015-02-11,6.994382153525766,1.473780958383428,2583.8814279406365
2015-02-12,10.700360757259567,1.953998689341758,9435.853629139696
2015-02-13,4.332341184646556,1.6093312712395762,653.697962536936
2015-02-14,9.865210649375895,3.2898621453614934,8930.13081690373
2015-02-15,6.785594626554848,2.9763567578551178,3230.5011082388655
2015-02-16,2.870828495850128,0.9403000436214107,85.68707840857563
2015-02-17,4.175750539418368,1.0875091684816183,438.23522523186995
2015-02-18,6.211428927384823,1.4533849832009909,1807.0231519798554
2015-02-19,6.315822690870282,0.5816473348144684,1656.7013691786763
2015-02-20,5.585066346472067,2.7140632734967785,1975.1979194237388
2015-02-21,4.541128711617476,2.6332504186227217,1214.7434574492745
2015-02-22,5.16749129253023,2.594092097623006,1494.129446984872
2015-02-23,5.21968817427296,1.1485376915957062,964.3990960435584
2015-02-24,7.255366562239414,2.1214202943715263,3185.75575360942
2015-02-25,4.802113120331123,1.7587362270429765,934.5707537364817
2015-02-26,6.420216454355741,1.6649015958614921,2066.563105097516
2015-02-27,4.906506883816582,0.9715279594195204,753.0090889794004
2015-02-28,2.4010565601655616,0.5114229057363306,7.7897344007796026
2015-03-01,2.2966627966801023,1.261770226303038,68.46460157516053
2015-03-02,3.705978603733802,1.7120466507372467,414.86602202953117
2015-03-03,5.27188505601569,1.6093312712395764,1137.152843839633
2015-03-04,5.741656991700256,0.8985565861143328,1259.1707170052457
2015-03-05,3.653781721991072,0.5114229057363308,185.31061758685456
2015-03-06,5.27188505601569,2.364767465364551,1506.616737098188
2015-03-07,5.428475701243879,1.206483098306979,1118.2440456291404
2015-03-08,3.7581754854765315,1.1082254903040802,312.3817725460403
2015-03-09,2.7142378506219393,1.0228458114726615,77.89734400779602
2015-03-10,4.071356775932909,0.5541127451520399,317.31079664160796
2015-03-11,4.019159894190179,1.1669547562908655,394.7828348909041
2015-03-12,2.975222259335587,2.1795883940382264,340.2546940854469
2015-03-13,3.91476613070472,1.445539392918808,441.5645546408035
2015-03-14,4.436734948132016,0.736890479191714,483.33062360469165
2015-03-15,2.9752222593355877,1.7252800584626142,265.95577887717707
2015-03-16,6.107035163899364,1.5808137299926626,1753.0012612856817
2015-03-17,8.612485487550384,2.4029305750602195,5381.8630492203965
2015-03-18,2.087875269709184,1.0228458114726615,23.36920320233881
2015-03-19,3.1318129045637764,1.1082254903040798,158.65539832080398
2015-03-20,2.9752222593355877,0.7212931480399113,84.04407037671973
2015-03-21,6.107035163899364,0.9989409575168954,1566.273421712342
2015-03-22,4.906506883816582,0.8985565861143329,735.23704868948
2015-03-23,5.846050755185715,0.9538086372867224,1351.9474423278484
2015-03-24,5.793853873442985,0.8906116327435609,1298.5127460977417
2015-03-25,8.560288605807655,1.871507688674189,4923.264172783986
2015-03-26,5.428475701243879,0.7980135597807392,1023.118542450269
2015-03-27,7.516350970953062,1.3319212766891928,3118.228390241702
2015-03-28,4.332341184646557,2.1533431456355925,856.1238462721803
2015-03-29,8.612485487550385,3.0532120665217435,5955.983028710119
2015-03-30,6.420216454355741,1.6649015958614921,2084.1789390195295
2015-03-31,5.21968817427296,1.462160953493996,1048.3302733975927
2015-04-01,4.123553657675639,1.6303921182745573,584.2528094091103
2015-04-02,7.098775917011225,2.0787777307045316,2947.6295829264272
2015-04-03,4.071356775932909,1.7812232654871216,586.1705991692188
2015-04-04,4.854310002073853,1.965603831848485,1040.2281262609988
2015-04-05,5.428475701243879,1.1485376915957064,1104.1513784915298
2015-04-06,3.705978603733802,1.4995967947680335,384.01949716222714
2015-04-07,5.428475701243879,1.6382201329064798,1255.4913438529359
2015-04-08,4.593325593360205,1.365646139727874,692.6466345408339
2015-04-09,5.950444518671174,1.6207732017697458,1666.6836750678171
2015-04-10,9.395438713691329,1.6928423987993317,6313.740663694893
2015-04-11,3.810372367219261,1.6303921182745569,475.6218335566957
2015-04-12,5.010900647302042,1.1082254903040798,834.9039012129807
2015-04-13,6.57680709958393,0.761555125587607,1927.398017113612
2015-04-14,2.2966627966801023,1.2617702263030381,90.19079674564344
2015-04-15,3.810372367219261,1.4056547484747923,391.65302519509953
2015-04-16,4.123553657675639,1.8646592944123275,642.3850613517536
2015-04-17,1.9312846244809954,0.9032900161588308,0.0
2015-04-18,2.7142378506219393,1.63822013290648,208.2545150306935
2015-04-19,4.906506883816583,1.563635375738987,914.6061419582
2015-04-20,5.793853873442985,2.5003388929812447,1981.5384831681313
2015-04-21,8.299304197094006,0.8906116327435599,4043.0596711473945
2015-04-22,8.351501078836735,0.7980135597807393,4092.9712005930983
2015-04-23,4.332341184646557,1.3308536041515282,559.6282729258536
2015-04-24,1.2005282800827808,0.7818176878694935,0.0
2015-04-25,5.585066346472067,1.0434836502126166,1179.8994643561864
2015-04-26,5.585066346472067,0.637608767849832,1102.3897950993282
2015-04-27,6.420216454355741,0.4232105996998333,1728.3390937948632
2015-04-28,2.5576472053937507,1.2515899326282918,111.91699191612636
2015-04-29,2.1400721514519137,1.1373443121973517,38.94867200389801
2015-04-30,6.57680709958393,1.1826842495844927,2033.093020645691
2015-05-01,2.5576472053937507,1.30496743137172,119.70672631690596
2015-05-02,1.7746939792528063,0.6308851131515192,0.0
2015-05-03,4.280144302903827,1.275217535699664,530.4247560904055
2015-05-04,4.2279474211610975,1.5590832980283988,592.629738273957
2015-05-05,3.0796160228210465,0.9032900161588309,115.20300797983815
2015-05-06,1.7224970975100768,0.9641844833135226,15.579468801559205
2015-05-07,4.123553657675639,1.251589932628292,465.08996421104956
2015-05-08,3.9669630124474495,1.63822013290648,513.2022792569904
2015-05-09,2.870828495850128,0.9403000436214104,85.68707840857563
2015-05-10,3.8625692489619907,0.9715279594195206,314.0247805778962
2015-05-11,3.810372367219261,1.8277011918674957,526.707751930534
2015-05-12,7.464154089210333,0.2557114528681655,2797.0330183969963
2015-05-13,4.332341184646557,0.9759075216313445,481.843821940743
2015-05-14,4.384538066389287,0.9048623237302341,489.4773499736154
2015-05-15,4.6455224751029345,0.9403000436214101,612.6696120673621
2015-05-16,2.244465914937373,0.5196944326761328,0.0
2015-05-17,5.741656991700256,1.806580032317661,1565.686227248275
2015-05-18,6.315822690870282,1.304967431371721,1829.3365416144054
2015-05-19,5.376278819501149,1.0756809224873576,1043.6703486926176
2015-05-20,3.497191076762883,0.7368904791917139,175.87787515421908
2015-05-21,3.027419141078317,0.8985565861143328,107.41327357905854
2015-05-22,3.1318129045637764,1.477633987072106,231.62371823303232
2015-05-23,2.7664347323646687,0.637608767849832,46.73840640467762
2015-05-24,3.705978603733802,1.010260763129421,277.0315293416685
2015-05-25,7.672941616181252,1.0650566529951278,3222.16181038158
2015-05-26,6.785594626554848,1.473780958383428,2370.14264302021
2015-05-27,6.211428927384823,1.356245786878366,1757.6988169982185
2015-05-28,1.8790877427382657,0.6398342851498655,0.0
2015-05-29,3.810372367219261,0.44927829305716643,222.6162815588967
2015-05-30,5.480672582986608,3.042017850771387,2277.4844930579525
2015-05-31,11.013542047715946,1.8089390061612516,10115.824818529403
2015-06-01,5.0630975290447715,0.7818176878694932,804.0950073532387
2015-06-02,2.1922690331946435,1.3446672252525804,90.19079674564344
2015-06-03,2.453253441908291,0.25571145286816527,0.0
2015-06-04,3.1318129045637764,0.9048623237302341,122.99274238061774
2015-06-05,4.436734948132016,2.6375654570248703,1092.919421659131
2015-06-06,4.697719356845664,1.8191258777217747,915.7805308863343
2015-06-07,5.428475701243879,2.680864084739426,1746.7792729016342
2015-06-08,3.8625692489619907,1.8806000872428215,572.5089201277682
2015-06-09,2.505450323651021,0.0,0.0
2015-06-10,5.741656991700256,1.9518150432626893,1611.0187763417875
2015-06-11,2.505450323651021,0.8260225102393189,38.94867200389801
2015-06-12,4.384538066389287,1.8836211335071449,768.3570893979289
2015-06-13,1.30492204356824,1.7514469366169896,82.40106234486385
2015-06-14,3.027419141078317,1.1030828848743346,136.92920315032106
2015-06-15,2.1922690331946435,0.55411274515204,0.0
2015-06-16,2.870828495850128,1.4056547484747925,166.44513272158358
2015-06-17,2.244465914937373,0.9759075216313449,38.94867200389801
2015-06-18,2.870828495850128,1.1958322298600585,122.99274238061774
2015-06-19,5.21968817427296,0.8793681135214887,908.0284274931163
2015-06-20,3.027419141078317,0.8985565861143329,107.41327357905854
2015-06-21,1.0961345165973215,0.7671343586044962,0.0
2015-06-22,4.2279474211610975,2.9739678364028297,1396.892316670423
2015-06-23,4.175750539418368,3.061116534958506,1250.1313316612084
2015-06-24,1.1483313983400512,0.6308851131515191,0.0
2015-06-25,4.906506883816582,1.951815043262689,1093.97523522692
2015-06-26,4.488931829874746,1.2205396863156517,603.3930760026338
2015-06-27,5.480672582986608,1.685268121885758,1323.018707220653
2015-06-28,3.497191076762883,2.121420294371527,532.2672838353905
2015-06-29,3.653781721991072,1.5636353757389867,400.1485294202917
2015-06-30,3.7581754854765315,2.0896900247408037,644.8524145683675
2015-07-01,4.541128711617476,1.372913027199267,670.920439370351
2015-07-02,5.637263228214796,1.6520450204786379,1409.3362934385175
2015-07-03,3.5493879585056125,1.7195029743588561,410.56182340559235
2015-07-04,2.2966627966801023,1.2064830983069788,68.46460157516053
2015-07-05,2.7142378506219393,1.087509168481618,91.83380477749934
2015-07-06,4.749916238588393,2.246391465285832,1131.0870618234928
2015-07-07,7.82953226140944,2.961034356162309,4590.59969338619
2015-07-08,4.436734948132016,1.4766716724229363,666.0666772899069
2015-07-09,4.280144302903827,1.220539686315652,516.0196762169805
2015-07-10,2.4532534419082914,1.0756809224873578,68.46460157516053
2015-07-11,2.4010565601655616,1.3276454349111197,105.77026554720265
2015-07-12,3.4449941950201537,1.1235120812571717,237.92665096986326
2015-07-13,5.480672582986608,2.210671437575142,1707.0438867205403
2015-07-14,6.0026414004139035,2.3357359713294366,2054.3505967124524
2015-07-15,5.898247636928445,1.7514469366169896,1669.4634410202452
2015-07-16,4.019159894190179,2.276562595843444,800.9275666498722
2015-07-17,4.436734948132016,1.3308536041515282,613.2191755238675
2015-07-18,4.6455224751029345,2.2914991973674455,1102.4707394521122
2015-07-19,4.332341184646557,1.8828663263706438,763.5033273174847
2015-07-20,4.019159894190179,1.9886109512505765,655.8905340252971
2015-07-21,4.436734948132016,1.3811712251446324,617.3295367723372
2015-07-22,2.9230253775928574,1.5960271195614792,222.50338853621128
2015-07-23,2.505450323651021,1.6520450204786379,191.18824456518564
2015-07-24,3.810372367219261,2.824928551525491,1015.0597086588969
2015-07-25,4.6455224751029345,1.8277011918674957,887.4389902432057
2015-07-26,3.236206668049235,1.473780958383428,265.95577887717707
2015-07-27,4.436734948132016,2.2765625958434446,972.819338253627
2015-07-28,3.7581754854765315,1.6102143062970997,440.07775297685487
2015-07-29,5.063097529044771,2.321084059016403,1356.8821487610758
2015-07-30,5.585066346472067,1.8462727224048108,1468.7991406772023
2015-07-31,6.107035163899364,2.5139462799544634,2281.32007257817
2015-08-01,4.749916238588393,2.056088225345048,1035.530570548462
2015-08-02,7.098775917011225,3.083325652291821,3815.0720127214504
2015-08-03,6.47241333609847,3.631995083994462,3497.8009924434627
2015-08-04,3.810372367219261,2.2311529074823224,702.984666511011
2015-08-05,2.5576472053937507,2.321084059016403,381.59545729083516
2015-08-06,3.9669630124474495,1.7195029743588557,551.0575066855379
2015-08-07,4.071356775932909,1.6207732017697458,536.415276091422
2015-08-08,3.7581754854765315,1.2796685702997315,328.1174477155067
2015-08-09,2.6620409688792095,1.242470758827919,105.77026554720265
2015-08-10,3.3406004315346944,1.907617274573445,471.31763493275696
2015-08-11,4.2279474211610975,2.359953684361753,925.8437811282586
2015-08-12,3.601584840248343,1.1862845143800917,276.719116605854
2015-08-13,4.6455224751029345,1.8646592944123268,900.6320501809348
2015-08-14,4.906506883816582,0.8985565861143328,735.3932550573873
2015-08-15,4.019159894190179,2.4497985790060217,1070.449825656674
2015-08-16,4.019159894190179,2.022630997715138,693.1585669897775
2015-08-17,3.91476613070472,1.7836157759885904,542.2872207320931
2015-08-18,4.071356775932909,2.2546026803617503,853.9312747838192
2015-08-19,7.3075634439821435,2.3845215932168062,3464.5169176733884
2015-08-20,8.247107315351277,1.5636353757389865,4243.292983394278
2015-08-21,4.384538066389287,2.056779463631628,838.5080123501671
2015-08-22,4.854310002073853,1.9656038318484848,1058.3125792867336
2015-08-23,5.846050755185715,2.143418327961648,1827.418751854297
2015-08-24,6.3680195726130115,3.132720544897153,3069.766031452386
2015-08-25,5.16749129253023,1.9656038318484852,1270.0149990867062
2015-08-26,3.288403549791965,1.0325281377991486,174.23486712236317
2015-08-27,2.7664347323646687,1.3811712251446326,163.315323025779
2015-08-28,2.870828495850128,1.1958322298600585,129.13946874954146
2015-08-29,2.9752222593355877,1.0325281377991489,121.34973434876186
2015-08-30,2.244465914937373,0.9759075216313448,45.09539837282172
2015-08-31,1.9312846244809954,1.0434836502126166,38.94867200389801
2015-09-01,3.601584840248343,1.5370456764354476,384.7252669866397
2015-09-02,4.436734948132016,1.3811712251446322,621.008909924647
2015-09-03,4.071356775932909,1.96343309255362,684.2320746684255
2015-09-04,3.653781721991072,2.1513618449747156,613.731107972811
2015-09-05,4.019159894190179,1.3811712251446326,463.44695617919365
2015-09-06,3.7581754854765315,1.8470424838401338,521.6977834821826
2015-09-07,3.3406004315346944,1.1485376915957062,203.7507966936257
2015-09-08,4.2279474211610975,2.0835588916497882,809.4607018826263
2015-09-09,3.653781721991072,1.6066792541595893,398.1121642998377
2015-09-10,2.870828495850128,1.3049674313717203,163.315323025779
2015-09-11,5.010900647302042,2.9320890439272183,1767.1372417685143
2015-09-12,6.211428927384823,1.9713807842960012,2032.3496198137168
2015-09-13,3.9669630124474495,1.5960271195614792,499.2658184872871
2015-09-14,5.428475701243879,2.7061956467207193,1839.5559982242369
2015-09-15,6.0026414004139035,1.5221766867288318,1649.6550356098708
2015-09-16,5.480672582986608,2.2413234577800143,1556.2534848156395
2015-09-17,5.16749129253023,1.7053914393436345,1121.8857877738883
2015-09-18,5.376278819501149,2.0726143175093514,1419.8681627841636
2015-09-19,6.211428927384823,2.518465737589248,2378.0509527813347
2015-09-20,2.818631614107398,1.182684249584493,121.34973434876186
2015-09-21,3.1840097863065058,1.4766716724229365,264.4689772132284
2015-09-22,2.7664347323646687,1.1069420787672046,105.77026554720265
2015-09-23,2.9230253775928574,1.6793533997775867,258.1660444763975
2015-09-24,3.601584840248343,1.2962238325331148,304.7482445131679
2015-09-25,3.9669630124474495,1.6793533997775867,543.4239786526655
2015-09-26,3.9669630124474495,1.5526879689400892,489.0087308698937
2015-09-27,3.91476613070472,1.0650566529951278,343.6969165170659
2015-09-28,2.9752222593355877,1.0325281377991486,121.34973434876186
2015-09-29,6.159232045642093,3.7109775665542215,3223.6919253907513
2015-09-30,8.925666778006763,1.7836157759885904,5484.034885968073
2015-10-01,9.969604412861353,2.572079887246852,8254.418367436678
2015-10-02,11.274526456429593,1.9547260292848123,10964.75963489625
2015-10-03,9.813013767633164,1.871507688674189,7294.35541868696
2015-10-04,7.255366562239414,1.8089390061612518,3076.5375832929385
2015-10-05,4.488931829874746,1.32764543491112,635.1015770622577
2015-10-06,3.236206668049235,0.8985565861143331,138.57221118217694
2015-10-07,3.0796160228210465,1.731858843278756,324.0503998122588
2015-10-08,4.541128711617476,2.330862234206088,1031.6949910282449
2015-10-09,6.107035163899364,1.858550648038467,1872.632725587464
2015-10-10,3.027419141078317,2.213884157534409,410.56182340559235
2015-10-11,5.5328694647293375,2.3916644597201167,1683.6746835182014
2015-10-12,7.411957207467604,1.378080200251332,3032.4979984879055
2015-10-13,6.681200863069389,1.9778596869393543,2488.443512025951
2015-10-14,4.697719356845664,1.2929297386880934,722.1625641120964
2015-10-15,5.27188505601569,2.3934468456038656,1556.2534848156395
2015-10-16,5.585066346472067,2.3357359713294366,1735.9349908201739
2015-10-17,5.741656991700256,1.3276454349111193,1375.4352208905327
2015-10-18,2.9230253775928574,1.5081038728837235,227.1633132411863
2015-10-19,8.038319788380358,3.6740208524857163,5738.133882541222
2015-10-20,8.038319788380358,1.51937255167322,3906.2433610197586
2015-10-21,5.793853873442985,2.6332504186227226,2083.397907179993
2015-10-22,4.488931829874746,1.2752175356996636,617.3295367723372
2015-10-23,5.898247636928445,1.5444264904368135,1577.861104625777
2015-10-24,8.194910433608547,1.1069420787672044,3964.3756129624026
2015-10-25,4.854310002073853,3.0754782653496977,1639.285054969792
2015-10-26,3.8625692489619907,0.8191100664532402,286.15185903848953
2015-10-27,6.889988390040307,0.9048623237302341,2265.622028416265
2015-10-28,7.046579035268496,2.1480556161193127,2968.493801904591
2015-10-29,8.925666778006763,2.195184932111265,5822.258897270725
2015-10-30,3.4449941950201537,0.55411274515204,140.21521921403286
2015-10-31,5.115294410787501,1.8439615100791267,1152.8508880015377
2015-11-01,5.0630975290447715,1.4533849832009913,962.1688935476355
2015-11-02,4.541128711617476,1.6442828239569784,758.5309898766952
2015-11-03,3.1318129045637764,1.044845012370402,157.0123902889481
2015-11-04,3.497191076762883,1.8828663263706436,468.81265070858126
2015-11-05,5.689460109957526,2.63756545702487,2026.0090560693243
2015-11-06,8.664682369293113,1.60667925415959,4924.438561712121
2015-11-07,4.436734948132016,2.2463914652858317,992.7839500319085
2015-11-08,3.3406004315346944,1.0228458114726615,194.4742606288974
2015-11-09,3.0796160228210465,1.0434836502126168,136.92920315032106
2015-11-10,2.1922690331946435,0.846421199399666,23.36920320233881
2015-11-11,5.585066346472067,3.445200500628329,2540.9409700486144
2015-11-12,12.370660973026915,3.2481175564492255,14055.299837490244
2015-11-13,10.43937634854592,1.719502974358856,8597.927128915935
2015-11-14,4.697719356845664,2.5924476650662296,1289.16094801789
2015-11-15,4.593325593360205,1.63822013290648,783.7803518315809
2015-11-16,5.27188505601569,1.8462727224048103,1242.691641003805
2015-11-17,8.194910433608547,1.8828663263706436,4373.062959953108
2015-11-18,11.74429839211416,2.9277225648940344,11639.884889899233
2015-11-19,9.13445430497768,3.5524570364318224,7709.940720572283
2015-11-20,5.428475701243879,1.9076172745734448,1344.4324896553214
2015-11-21,5.16749129253023,3.736553705973463,2628.2767388267057
2015-11-22,4.6455224751029345,1.7120466507372465,807.5805431300795
2015-11-23,5.5328694647293375,2.448057222137004,1802.6003779955715
2015-11-24,3.601584840248343,1.1273013401808754,269.0855885729817
2015-11-25,5.376278819501149,1.7514469366169898,1279.566316879687
2015-11-26,7.986122906637629,1.5590832980283984,3852.808664789652
2015-11-27,8.299304197094006,2.0835588916497882,4592.673689514206
2015-11-28,6.994382153525766,2.2138841575344093,3031.3236095597713
2015-11-29,3.91476613070472,1.3478348791714994,413.8478394693041
2015-11-30,5.0630975290447715,1.5879911277609156,1007.8138553769626
2015-12-01,6.002641400413904,1.8462727224048106,1741.5321537325924
2015-12-02,3.392797313277424,1.010260763129421,202.263995029677
2015-12-03,4.906506883816582,1.039388865352266,767.101756117011
2015-12-04,4.384538066389287,1.8470424838401334,764.2467281494592
2015-12-05,3.91476613070472,0.6723336126262902,280.00513266956585
2015-12-06,3.4449941950201537,1.4891332576776712,321.03348313913966
2015-12-07,2.6620409688792095,0.9281273614759767,68.46460157516053
2015-12-08,5.21968817427296,1.414726834564913,1038.0731857801993
2015-12-09,4.436734948132016,0.9032900161588304,511.5159578799127
2015-12-10,6.681200863069389,3.868514259694193,4140.771102903225
2015-12-11,4.332341184646557,2.121420294371527,883.1347916192672
2015-12-12,2.5576472053937507,0.9403000436214107,54.52814080545722
2015-12-13,4.854310002073853,2.594092097623005,1338.210501271274
2015-12-14,7.986122906637629,1.9828841979600458,4145.231507895071
2015-12-15,4.175750539418368,1.4621609534939963,530.2685497224983
2015-12-16,7.203169680496685,2.644562377989253,3590.3327393516556
2015-12-17,8.821273014521303,1.7899801700771576,5271.470489975781
2015-12-18,6.420216454355741,3.030782289388263,2981.961643570573
2015-12-19,6.263625809127553,1.847042483840133,2001.22831321816
2015-12-20,6.889988390040307,3.023738862973402,3491.5278630204753
2015-12-21,7.620744734438522,2.3629634466922895,3845.1751367567804
2015-12-22,4.123553657675639,1.453384983200991,518.5246604411562
2015-12-23,6.785594626554848,2.3629634466922895,2983.1736635062684
2015-12-24,6.942185271783036,2.5319757088394743,3118.3469656020484
2015-12-25,3.5493879585056125,1.7587362270429765,424.6544905432029
2015-12-26,5.428475701243879,1.7971131722286657,1325.642266805174
2015-12-27,7.986122906637629,3.195169958985383,4997.21304424888
2015-12-28,10.804754520745028,2.808780203142929,10554.749520303221
2015-12-29,8.038319788380358,2.054013114748728,4219.805204831593
2015-12-30,4.019159894190179,1.429719060043594,480.90658373329967
2015-12-31,5.5328694647293375,1.9864653534836565,1462.0275888366498
2016-01-01,7.2553665622394155,1.9539986893417582,3079.748337341527
2016-01-02,5.585066346472067,1.3811712251446329,1275.0249675350576
2016-01-03,6.47241333609847,1.719502974358856,2155.2294691716493
2016-01-04,6.315822690870282,1.6303921182745569,1949.124212284095
2016-01-05,3.91476613070472,1.9305791323571881,621.5208423735905
2016-01-06,3.653781721991072,1.1632946696289366,284.6650573745409
2016-01-07,3.7581754854765315,0.9773630146424062,278.36212463770994
2016-01-08,3.653781721991072,0.8985565861143326,241.05646066566783
2016-01-09,3.392797313277424,1.3049674313717203,259.6528461403462
2016-01-10,8.925666778006763,1.7836157759885904,5498.127553105683
2016-01-11,5.428475701243879,2.2970753831914124,1558.6022626719077
2016-01-12,9.18665118672041,2.5235404526060763,6540.397726824795
2016-01-13,5.010900647302042,1.692842398799332,1017.7961612661035
2016-01-14,5.010900647302042,1.9195028554495963,1151.9889118092178
2016-01-15,6.733397744812119,1.6852681218857575,2422.4029503221823
2016-01-16,7.150972798753955,1.5444264904368132,2779.417184474983
2016-01-17,7.82953226140944,2.6956697583429987,4467.601268667912
2016-01-18,7.986122906637629,0.9641844833135214,3609.7101566658703
2016-01-19,3.91476613070472,2.34545306360848,782.4121255279775
2016-01-20,2.244465914937373,1.0434836502126166,52.88513277360133
2016-01-21,1.1483313983400512,0.6308851131515192,0.0
2016-01-22,3.1318129045637764,1.6102143062970995,245.56017900273565
2016-01-23,3.4449941950201537,2.09783699530548,526.8263272908792
2016-01-24,4.175750539418368,1.63822013290648,590.0061786894358
2016-01-25,4.280144302903827,1.843961510079127,703.7656983505472
2016-01-26,9.082257423234951,2.96103435616231,6782.321846020443
2016-01-27,5.5328694647293375,1.9518150432626893,1481.9922006149313
2016-01-28,7.516350970953063,2.0233336661392243,3459.975568328758
2016-01-29,4.958703765559312,2.105277356223918,1164.557146275318
2016-01-30,5.324081937758419,1.8191258777217747,1278.97912241562
2016-01-31,4.436734948132016,2.0560882253450483,933.5149401686929
2016-02-01,3.236206668049235,1.6066792541595896,317.9036734433351
2016-02-02,5.428475701243879,3.038745103346439,2111.858023183467
2016-02-03,6.3680195726130115,3.066683893062255,2886.679934023794
2016-02-04,5.950444518671174,1.5342687172089926,1617.35934008618
2016-02-05,3.236206668049235,1.1030828848743346,174.2348671223632
2016-02-06,3.8625692489619907,1.6894802457311073,511.1282831289747
2016-02-07,6.263625809127553,2.9320890439272183,2676.8953039839303
2016-02-08,5.637263228214796,1.7716209137796672,1454.9812552678445
2016-02-09,6.889988390040307,1.1082254903040798,2325.51586375111
2016-02-10,6.211428927384823,1.453384983200991,1799.97681841105
2016-02-11,4.436734948132016,2.089009676350725,961.7002744439139
2016-02-12,7.933926024894899,3.6879230201582542,5487.089433648754
2016-02-13,6.681200863069389,3.213358508319179,3534.824046993533
2016-02-14,5.480672582986608,2.6332504186227226,1791.9932466348016
2016-02-15,3.9669630124474495,1.206483098306978,403.2783391160963
2016-02-16,2.244465914937373,1.0434836502126168,38.94867200389801
2016-02-17,3.0796160228210465,1.224028611068502,172.74806545841452
2016-02-18,5.5328694647293375,3.6925454448096207,2863.3107308214553
2016-02-19,12.840432908711483,4.017052013919145,14306.767446785152
2016-02-20,7.411957207467604,3.855263363162626,5164.853903623695
2016-02-21,4.488931829874746,1.163294669628937,589.3004088650233
2016-02-22,3.0274191410783167,1.7684085432061418,307.92136755419426
2016-02-23,2.7664347323646687,1.4766716724229363,191.34445093309284
2016-02-24,10.909148284230488,3.6284709652457754,10942.001109239134
2016-02-25,10.33498258506046,2.7458260543985364,8885.794474750319
2016-02-26,5.5328694647293375,2.2444923034990008,1597.6318790285895
2016-02-27,5.637263228214796,2.185450139434542,1673.573802268715
2016-02-28,8.612485487550385,2.3743657492212145,5413.571550280019
2016-02-29,8.664682369293113,2.2138841575344093,5361.311242978048
2016-03-01,9.18665118672041,1.719502974358856,5948.505707045153
2016-03-02,4.488931829874746,2.151361844974715,956.2593178994025
2016-03-03,4.280144302903827,1.3276454349111197,537.7458713874635
2016-03-04,3.91476613070472,1.62340219490357,491.4760840865075
2016-03-05,4.854310002073853,1.7449420044434056,981.1153227656903
2016-03-06,5.5328694647293375,2.6099348627434407,1827.9683153108022
2016-03-07,6.420216454355741,2.3161794913404257,2443.2295382927837
2016-03-08,6.733397744812119,2.4170864004626393,2869.845131941317
2016-03-09,6.211428927384823,1.5879911277609156,1831.5291131027668
2016-03-10,3.8625692489619907,1.5636353757389867,486.3475402778108
2016-03-11,2.4532534419082914,1.499596794768033,155.52558862499941
2016-03-12,2.453253441908291,1.3049674313717203,111.91699191612636
2016-03-13,4.071356775932909,1.6207732017697463,566.2059873909373
2016-03-14,1.8268908609955359,0.736890479191714,0.0
2016-03-15,3.7581754854765315,2.7396067348513222,992.9025253922541
2016-03-16,13.571189253109695,4.711467113769469,15066.300325939612
2016-03-17,8.560288605807655,3.2555488289927537,6202.017509154236
2016-03-18,5.010900647302042,1.9547260292848119,1121.2985933098212
2016-03-19,3.8625692489619907,1.1632946696289366,356.14657562282054
2016-03-20,5.5328694647293375,1.563635375738987,1298.7875278259946
2016-03-21,3.1318129045637764,1.4776339870721067,244.22958370669417
2016-03-22,6.47241333609847,2.73129227945575,2733.147397174027
2016-03-23,6.263625809127553,1.847042483840133,2004.7514800025626
2016-03-24,5.480672582986608,2.659035615530781,1796.2598142511786
2016-03-25,4.593325593360205,3.3587067995551734,1753.787975462878
2016-03-26,3.810372367219261,1.7514469366169898,505.13776312795824
2016-03-27,5.115294410787501,2.2138841575344097,1364.240895065696
2016-03-28,6.420216454355741,1.445539392918808,1971.281395550738
2016-03-29,2.087875269709184,1.4147268345649133,60.67486717438093
2016-03-30,6.733397744812119,3.042017850771386,3422.6699043567164
2016-03-31,9.447635595434058,2.788463262264234,6866.729470171918
2016-04-01,4.854310002073853,2.7473786844657226,1540.9487977423332
2016-04-02,8.977863659749492,3.8685142596941926,6267.486531781375
2016-04-03,7.150972798753955,4.31558884105149,5185.821042574767
2016-04-04,8.508091724064924,2.504882901987386,5422.966661705093
2016-04-05,5.21968817427296,1.8346875459549485,1203.3496119113088
2016-04-06,5.741656991700256,2.086967300425233,1667.8204329883895
2016-04-07,6.994382153525766,1.6485996673635561,2640.2520964910786
2016-04-08,5.585066346472067,2.7638858021837436,2035.2479611264905
2016-04-09,6.57680709958393,3.0293749142070188,3103.941885728623
2016-04-10,7.77733537966671,2.215809553599906,3959.6780572498656
2016-04-11,5.950444518671174,2.56599342528833,2153.1554730436337
2016-04-12,3.1840097863065058,2.022630997715138,446.4992610740313
2016-04-13,3.601584840248343,1.7053914393436351,415.72799822185095
2016-04-14,4.384538066389287,1.4307129559300835,615.6865287404813
2016-04-15,4.2279474211610975,1.4217428803190364,557.8666895336523
2016-04-16,3.1318129045637764,1.523110251175214,258.1660444763975
2016-04-17,3.3406004315346944,1.5960271195614795,323.50083635575345
2016-04-18,2.0356783879664544,1.912826303549496,183.55471653231325
2016-04-19,4.854310002073853,2.0671203003769967,1122.4729822379554
2016-04-20,5.376278819501149,1.356245786878366,1135.2726850870863
2016-04-21,3.0796160228210465,1.770818367458177,297.6642799368008
2016-04-22,6.159232045642093,2.6617072083030564,2397.8593581917094
2016-04-23,3.4449941950201537,1.6623382354561198,376.93553258586013
2016-04-24,4.802113120331123,1.4147268345649129,807.7367494979867
2016-04-25,6.785594626554848,2.7623424502892653,3173.268463496104
2016-04-26,6.002641400413904,1.4766716724229363,1632.039201687858
2016-04-27,7.046579035268496,2.01700083787887,2908.5999665697464
2016-04-28,5.637263228214796,1.5672675185556029,1370.4252524421813
2016-04-29,4.593325593360205,1.1485376915957064,632.7527992059892
2016-04-30,6.263625809127553,1.9547260292848114,2078.8941888429254
2016-05-01,6.315822690870282,1.4995967947680338,1924.4620447932764
2016-05-02,7.3075634439821435,1.7195029743588552,3041.8931099129786
2016-05-03,3.653781721991072,2.0540131147487286,605.6665918437789
2016-05-04,6.994382153525766,2.213884157534409,2971.4297742249264
2016-05-05,7.516350970953063,1.9893256362516374,3452.773028392046
2016-05-06,3.4449941950201537,2.0650562755982973,455.65722177841405
2016-05-07,7.150972798753955,3.7213055146082366,4466.553282793842
2016-05-08,2.5576472053937507,1.7120466507372467,236.98941276241993
2016-05-09,5.585066346472067,2.5319757088394743,1863.6686022585504
2016-05-10,5.950444518671174,1.5781137899690694,1603.6976610447296
2016-05-11,3.1318129045637764,0.9773630146424063,136.92920315032106
2016-05-12,4.749916238588393,2.056088225345048,1053.3026108383822
2016-05-13,6.054838282156634,1.8346875459549488,1822.5649897738529
2016-05-14,7.464154089210333,2.7266042564490833,3882.4431697212603
2016-05-15,5.115294410787501,2.6872193621319522,1586.5937595716598
2016-05-16,6.054838282156633,2.297075383191412,2054.937791176519
2016-05-17,4.854310002073853,1.6234021949035697,913.8627411262256
2016-05-18,3.705978603733802,1.900898977253313,541.3499825246498
2016-05-19,2.870828495850128,1.864659294412327,259.6528461403462
2016-05-20,3.7581754854765315,2.056779463631628,590.5557421459412
2016-05-21,4.958703765559313,1.971380784296001,1102.3521640917666
2016-05-22,3.288403549791965,1.7643848553003325,346.87003955809223
2016-05-23,3.497191076762883,1.731858843278756,406.29525578921545
2016-05-24,5.010900647302042,2.154003174201479,1239.7556686834694
2016-05-25,4.593325593360205,1.3656461397278747,682.508122283786
2016-05-26,5.21968817427296,1.7587362270429767,1189.4131511416056
2016-05-27,4.958703765559312,1.7120466507372467,972.5821875329361
2016-05-28,6.733397744812119,1.6442828239569787,2373.078615340545
2016-05-29,6.5246102178412,2.364767465364551,2536.749664447361
2016-05-30,3.7581754854765315,1.771620913779667,496.13600879148254
2016-05-31,5.27188505601569,2.7140632734967793,1913.8627411262255
2016-06-01,3.236206668049235,1.5193725516732193,283.72781916709755
2016-06-02,3.8625692489619907,1.6066792541595896,473.2730557004273
2016-06-03,2.975222259335587,1.6022494711110136,230.13691656908364
2016-06-04,4.071356775932909,1.3944864947904256,479.0264249807529
2016-06-05,5.741656991700256,2.391664459720117,1875.2562851719852
2016-06-06,6.57680709958393,3.2677517321784606,3311.652519640472
2016-06-07,5.950444518671174,1.7424963942654779,1712.3286368971442
2016-06-08,2.348859678422832,1.4455393929188083,111.91699191612636
2016-06-09,2.6620409688792095,1.8949071609998789,216.04424943147313
2016-06-10,2.818631614107398,1.7424963942654783,256.5230364445416
2016-06-11,3.497191076762883,1.6920024868653172,348.35684122204094
2016-06-12,5.010900647302042,2.056779463631628,1156.0616420501258
2016-06-13,2.0356783879664544,1.6442828239569784,111.91699191612636
2016-06-14,2.087875269709184,1.7587362270429765,147.7358542242198
2016-06-15,2.7664347323646687,1.6511843561740782,180.38159349128688
2016-06-16,2.6620409688792095,1.3478348791714994,121.34973434876186
2016-06-17,3.705978603733802,1.0756809224873578,278.36212463770994
2016-06-18,2.244465914937373,1.5221766867288322,119.86293268481317
2016-06-19,2.60984408713648,1.0393888653522658,62.31787520623682
2016-06-20,4.436734948132016,1.84627272240481,752.3842635077716
2016-06-21,3.7581754854765315,2.0896900247408037,529.9561369866839
2016-06-22,2.244465914937373,1.7318588432787558,183.55471653231325
2016-06-23,2.192269033194643,1.6623382354561198,147.5796478563126
2016-06-24,3.810372367219261,1.4995967947680326,393.13982685904824
2016-06-25,3.91476613070472,1.664901595861492,502.945191639597
2016-06-26,5.21968817427296,1.5960271195614795,1094.8748424268015
2016-06-27,5.0630975290447715,2.350296544375725,1409.4548687988631
2016-06-28,6.263625809127553,1.9547260292848119,2053.9196086162924
2016-06-29,3.705978603733802,1.30496743137172,334.1079677165232
2016-06-30,3.91476613070472,1.7449420044434052,530.8181131790036
2016-07-01,6.159232045642093,1.7684085432061416,1883.789420404739
2016-07-02,2.9230253775928574,2.2368795320926758,398.661727756343
2016-07-03,4.019159894190179,1.9886109512505763,649.7438076563735
2016-07-04,4.123553657675639,1.544426490436813,540.2508556116392
2016-07-05,3.653781721991072,1.9518150432626893,493.5124492069615
2016-07-06,4.958703765559313,1.936460575175003,1115.701430397403
2016-07-07,3.810372367219261,1.5879911277609156,462.42877361896666
2016-07-08,5.21968817427296,3.1920542391229585,2064.1390652261243
2016-07-09,5.950444518671174,1.3446672252525804,1532.6471308926098
2016-07-10,3.6015848402483424,1.7053914393436351,415.7279982218509
2016-07-11,5.376278819501149,1.9364605751750026,1371.1686532741555
2016-07-12,7.203169680496685,1.0610451259236853,2656.6935414849577
2016-07-13,3.9669630124474495,1.719502974358856,530.9743195469108
2016-07-14,4.697719356845664,2.6445623779892533,1524.1218233535747
2016-07-15,4.958703765559312,0.5816473348144681,714.8414488150386
2016-07-16,3.5493879585056125,0.9538086372867218,225.4769918641086
2016-07-17,4.2279474211610975,1.6852681218857575,638.274700103284
2016-07-18,4.593325593360205,1.5526879689400888,766.6331370132893
2016-07-19,8.769076132778572,0.0,4640.23644110364
2016-07-20,7.255366562239414,2.688805834391847,3487.9670652285095
2016-07-21,4.749916238588393,1.4766716724229363,803.626388249517
2016-07-22,4.175750539418368,1.7195029743588557,617.8791002288425
2016-07-23,2.7664347323646687,1.5221766867288322,202.81355848618236
2016-07-24,6.3680195726130115,2.5031798652565835,2509.582512732367
2016-07-25,5.16749129253023,2.2865311715831864,1540.986428749895
2016-07-26,2.6620409688792095,1.9305791323571881,278.40543798293174
2016-07-27,2.5576472053937507,1.499596794768033,163.315323025779
2016-07-28,3.1318129045637764,1.523110251175214,268.1483503655383
2016-07-29,3.5493879585056125,1.7971131722286655,435.96739172838517
2016-07-30,5.0630975290447715,1.3049674313717203,920.2033048706184
2016-07-31,3.705978603733802,1.671718007564736,450.0600588659957
2016-08-01,3.236206668049235,1.72939473174867,331.29057075653304
2016-08-02,2.9230253775928574,1.7971131722286657,303.81100630572456
2016-08-03,2.0356783879664544,1.2696317990994987,52.88513277360133
2016-08-04,1.3571189253109697,0.8985565861143331,0.0
2016-08-05,2.0356783879664544,1.8768169410111408,193.38081605354685
2016-08-06,3.027419141078317,1.689480245731107,237.77044460195603
2016-08-07,2.087875269709184,1.2064830983069788,46.73840640467762
2016-08-08,3.288403549791965,1.157168799404739,202.1077886617698
2016-08-09,3.392797313277424,1.5879911277609156,304.5920381452607
2016-08-10,2.348859678422832,1.3478348791714994,91.83380477749934
2016-08-11,2.7142378506219393,1.5526879689400892,199.13418533387244
2016-08-12,2.505450323651021,2.21645098060816,293.82870041658373
2016-08-13,2.087875269709184,1.8715076886741886,163.315323025779
2016-08-14,1.6703002157673472,1.3147344756524921,31.15893760311841
2016-08-15,2.5576472053937507,1.6303921182745573,198.97797896596524
2016-08-16,1.9312846244809954,1.429719060043594,80.91426068091518
2016-08-17,3.236206668049235,1.473780958383428,231.77992460093952
2016-08-18,2.6620409688792095,1.186284514380092,77.89734400779602
2016-08-19,1.7224970975100768,1.6022494711110133,82.40106234486385
2016-08-20,5.010900647302042,3.023738862973402,1663.5538653720125
2016-08-21,5.585066346472067,1.5221766867288318,1320.6699293643846
2016-08-22,3.0796160228210465,1.1069420787672044,157.1685966568553
2016-08-23,5.21968817427296,2.1113454220372128,1333.7067829342063
2016-08-24,6.3680195726130115,1.4267332181627939,1921.526072472941
2016-08-25,4.019159894190179,0.9759075216313446,365.57931805545604
2016-08-26,3.236206668049235,1.039388865352266,166.44513272158358
2016-08-27,4.802113120331123,1.414726834564913,794.9746776564176
2016-08-28,3.1318129045637764,1.4776339870721065,237.77044460195603
2016-08-29,3.8625692489619907,1.3780802002513315,412.048625069541
2016-08-30,2.975222259335587,1.9128263035494957,345.9328013506489
2016-08-31,5.010900647302042,3.283374538682518,1908.9635203445014
2016-09-01,5.585066346472067,2.1847996110261922,1669.4634410202455
2016-09-02,5.376278819501149,2.200359211374908,1459.797386340727
2016-09-03,3.9669630124474495,1.5081038728837233,481.0627901012069
2016-09-04,3.705978603733802,1.7899801700771578,485.7227148061819
2016-09-05,4.697719356845664,1.9634330925536199,996.6571605596876
2016-09-06,5.5328694647293375,1.6894802457311064,1358.681363160839
2016-09-07,5.585066346472067,1.5663602724485761,1352.5346367919155
2016-09-08,4.593325593360205,1.6793533997775867,790.6704790324789
2016-09-09,3.027419141078317,1.3276454349111197,192.83125259704153
2016-09-10,5.0630975290447715,2.3791503701928733,1398.5729557098407
2016-09-11,3.705978603733802,1.8646592944123268,501.45838997564834
2016-09-12,4.593325593360205,1.7587362270429767,829.7377263967223
2016-09-13,3.7581754854765315,0.9773630146424063,278.36212463770994
2016-09-14,4.280144302903827,1.6485996673635561,637.1379421827116
2016-09-15,4.280144302903827,1.8065800323176613,683.0576857402913
2016-09-16,5.637263228214796,2.1220902518473697,1666.52746869991
2016-09-17,4.802113120331123,1.8715076886741886,1008.4010498410297
2016-09-18,1.9834815062237248,1.4267332181627936,80.91426068091516
2016-09-19,3.8625692489619907,1.6485996673635561,483.6863496857279
2016-09-20,3.3406004315346944,1.679353399777587,290.65557737555736
2016-09-21,2.9230253775928574,1.552687968940089,206.61150699883763
2016-09-22,2.870828495850128,1.5444264904368135,166.44513272158358
2016-09-23,2.870828495850128,1.3049674313717203,150.8656639200244
2016-09-24,3.288403549791965,1.0325281377991486,168.08814075343946
2016-09-25,1.0961345165973218,1.2424707588279185,29.515929571262518
2016-09-26,5.27188505601569,2.4497985790060213,1529.9859403005269
2016-09-27,4.906506883816582,2.4757719604885984,1368.469831674511
2016-09-28,4.488931829874746,5.978447886739435,332.77737242048175
2016-09-29,4.697719356845664,1.7812232654871216,863.7950053126144
2016-09-30,4.697719356845664,0.9946628181258184,648.4884743754556
2016-10-01,1.8790877427382657,1.6102143062970995,96.33752311456715
2016-10-02,0.8351501078836736,0.9538086372867224,7.7897344007796026
2016-10-03,1.6181033340246176,1.1373443121973514,7.7897344007796026
2016-10-04,3.1840097863065058,1.692002486865317,254.99292143537113
2016-10-05,5.689460109957526,2.3647674653645505,1739.0271695084166
2016-10-06,2.4010565601655616,1.1030828848743346,62.31787520623682
2016-10-07,6.733397744812119,2.0170008378788706,2483.158761849347
2016-10-08,6.054838282156634,1.7195029743588561,1752.4140668216148
2016-10-09,3.653781721991072,0.8191100664532401,227.1199998959645
2016-10-10,4.854310002073853,1.2962238325331148,797.5982372409386
2016-10-11,4.958703765559312,0.8646973658743347,756.8070374920558
2016-10-12,6.0026414004139035,1.224028611068502,1540.4368652933892
2016-10-13,6.263625809127553,3.656957543296405,3167.046475112056
2016-10-14,3.8625692489619907,2.3044893090303282,705.6458571030939
2016-10-15,7.82953226140944,0.6659606383445968,3319.048896952653
2016-10-16,6.159232045642093,2.4480572221370034,2214.342272666958
2016-10-17,6.785594626554848,1.8806000872428215,2500.3436076752
2016-10-18,7.464154089210333,3.166569260807366,4311.682322954315
2016-10-19,2.1922690331946435,0.9235212419200668,31.15893760311841
2016-10-20,6.733397744812119,2.4451522048301713,2813.474463390875
2016-10-21,8.769076132778572,1.3319212766891941,4950.275118131073
2016-10-22,5.0630975290447715,1.2515899326282915,902.7436773165124
2016-10-23,4.541128711617476,1.8026415492542016,832.5174923491506
2016-10-24,6.994382153525766,1.3780802002513317,2523.9875926057916
2016-10-25,3.1840097863065058,0.9759075216313449,138.57221118217694
2016-10-26,8.455894842322195,2.1932414302409944,4999.599453112709
2016-10-27,6.0026414004139035,1.9886109512505763,1850.319335952914
2016-10-28,5.585066346472067,3.0680741540598797,2152.8054293002565
2016-10-29,7.516350970953063,2.861425911860166,4013.0751224724104
2016-10-30,5.585066346472067,1.6093312712395769,1325.211278709014
2016-10-31,5.16749129253023,1.858550648038467,1178.2564563243307
2016-11-01,6.57680709958393,1.9283689666270445,2321.6802842308925
2016-11-02,2.0356783879664544,1.2696317990994987,60.67486717438093
2016-11-03,3.497191076762883,1.2785572643408267,269.0855885729817
2016-11-04,2.60984408713648,1.72939473174867,206.92391973465206
2016-11-05,4.123553657675639,1.499596794768033,528.4693353227352
2016-11-06,2.923025377592858,0.8793681135214885,85.68707840857563
2016-11-07,2.818631614107398,1.2929297386880931,149.22265588816848
2016-11-08,4.175750539418368,2.2368795320926758,878.2810295388231
2016-11-09,5.376278819501149,2.9892239433697174,2096.31618538947
2016-11-10,5.689460109957526,3.8915947616826196,3169.6700346965777
2016-11-11,7.203169680496685,3.2044989422220267,4115.128383859742
2016-11-12,4.593325593360205,1.719502974358856,822.8475991958243
2016-11-13,4.6455224751029345,2.545413975936992,1221.6335846501727
2016-11-14,4.123553657675639,1.453384983200991,524.6713868100799
2016-11-15,2.4532534419082914,1.1958322298600585,84.04407037671973
2016-11-16,2.818631614107398,1.2929297386880936,129.13946874954146
2016-11-17,5.689460109957526,2.335735971329436,1821.9777953097857
2016-11-18,7.986122906637629,2.2715619031581267,4346.052014606021
2016-11-19,10.752557639002298,2.4757719604885984,10056.956993448504
2016-11-20,5.480672582986608,1.8768169410111408,1372.6178239305427
2016-11-21,2.60984408713648,0.81911006645324,46.73840640467762
2016-11-22,3.1840097863065058,1.8462727224048103,355.2093374153772
2016-11-23,5.0630975290447715,1.195832229860058,892.0179705953973
2016-11-24,5.010900647302042,1.331921276689193,898.3209033322282
2016-11-25,3.9669630124474495,1.6793533997775867,540.9566254360517
2016-11-26,4.019159894190179,1.5663602724485763,506.8993465201595
2016-11-27,4.280144302903827,1.563635375738987,611.7323738599188
2016-11-28,8.403697960579466,1.6717180075647364,4526.90790953869
2016-11-29,7.255366562239414,1.9886109512505767,3143.4777521965884
2016-11-30,4.697719356845664,1.9283689666270452,971.838786700962
2016-12-01,7.725138497923981,1.2617702263030377,3356.6293426529473
2016-12-02,4.593325593360205,1.0228458114726613,604.8798776665825
2016-12-03,3.653781721991072,1.1030828848743344,276.719116605854
2016-12-04,2.818631614107398,1.7812232654871216,305.41638333001856
2016-12-05,5.063097529044771,2.200359211374908,1293.621353009736
2016-12-06,3.288403549791965,1.4689504604384327,267.598786909033
2016-12-07,7.255366562239414,1.5663602724485763,2903.9024108572094
2016-12-08,9.708620004147706,2.2241336760208408,7374.652681589965
2016-12-09,5.741656991700256,1.2205396863156521,1340.2035530465064
2016-12-10,3.1840097863065058,1.0434836502126166,171.1050574265586
2016-12-11,4.6455224751029345,1.9713807842960016,923.1016461833922
2016-12-12,5.5328694647293375,2.304489309030328,1641.3966821053698
2016-12-13,5.5328694647293375,1.8439615100791271,1398.0233922533355
2016-12-14,6.733397744812119,4.026594977908362,4175.862219766782
2016-12-15,7.203169680496685,2.031746732224147,3128.7978905949108
2016-12-16,4.906506883816582,1.8806000872428215,1040.9715270929732
2016-12-17,3.91476613070472,1.7836157759885904,538.6078475797832
2016-12-18,7.3075634439821435,2.6033909288450165,3640.67525689352
2016-12-19,4.541128711617476,1.9128263035494961,860.23420752065
2016-12-20,8.716879251035843,2.3502965443757255,5643.751780194325
2016-12-21,4.488931829874746,1.7684085432061414,793.3316696245618
2016-12-22,5.010900647302042,1.3319212766891935,902.0002764845382
2016-12-23,3.288403549791965,1.2147025429298386,209.8975230625494
2016-12-24,3.1318129045637764,1.5231102511752144,231.62371823303232
2016-12-25,4.906506883816583,2.6617072083030564,1468.2928905659192
2016-12-26,8.455894842322195,1.9634330925536199,4788.209446048551
2016-12-27,7.77733537966671,1.988610951250577,3822.274552658163
2016-12-28,5.428475701243879,3.2764402658129606,2317.6884983427685
2016-12-29,7.933926024894899,3.21335850831918,4774.555594700821
2016-12-30,7.725138497923981,2.993500714572009,4656.67788609752
2016-12-31,8.299304197094006,2.050549930503639,4627.905357358231
2017-01-01,3.027419141078317,1.3276454349111197,186.68452622811782
2017-01-02,3.4449941950201537,1.2390337653589785,259.8090525082534
2017-01-03,3.288403549791965,2.210671437575142,563.0385466875708
2017-01-04,8.977863659749492,1.834687545954949,5629.071918592647
2017-01-05,6.629003981326659,1.4056547484747923,2171.083719701461
2017-01-06,4.541128711617476,1.0966207151204972,596.9339368978957
2017-01-07,4.280144302903827,2.1513618449747156,862.3082036486657
2017-01-08,5.010900647302042,2.5325370602949557,1471.6598509824144
2017-01-09,5.898247636928445,1.1373443121973514,1440.6138064019813
2017-01-10,9.865210649375895,4.018113462481446,8646.657949200817
2017-01-11,7.411957207467602,4.492782930571665,5063.433295401712
2017-01-12,7.046579035268496,1.9128263035494961,2852.2292980193038
2017-01-13,4.019159894190179,1.3811712251446324,467.1263293315036
2017-01-14,2.7664347323646687,0.9759075216313449,84.04407037671973
2017-01-15,1.9312846244809954,0.637608767849832,0.0
2017-01-16,2.4532534419082914,0.9403000436214104,46.73840640467762
2017-01-17,4.384538066389287,1.6928423987993315,718.0145718560649
2017-01-18,5.21968817427296,1.1485376915957064,971.4454296123638
2017-01-19,2.975222259335587,1.3222811889946267,178.89479182733822
2017-01-20,3.810372367219261,2.1052773562239175,661.019077833994
2017-01-21,3.9669630124474495,1.758736227042977,562.6828206065346
2017-01-22,2.348859678422832,1.2424707588279185,68.46460157516053
2017-01-23,4.906506883816582,1.473780958383428,893.7795539875985
2017-01-24,2.9752222593355877,1.7252800584626142,231.62371823303232
2017-01-25,5.428475701243879,2.012061524582252,1435.0166434895632
2017-01-26,7.098775917011225,1.552687968940089,2711.889821107265
2017-01-27,7.150972798753955,2.1052773562239175,3110.5948622088304
2017-01-28,6.47241333609847,1.3147344756524921,1982.59429673592
2017-01-29,4.958703765559313,1.499596794768033,922.3958763589796
2017-01-30,5.16749129253023,2.5409424503481572,1538.912432621879
2017-01-31,8.612485487550384,2.5676548002926154,5590.16870529003
2017-02-01,5.480672582986608,1.4689504604384325,1245.665244331702
2017-02-02,6.57680709958393,1.4425862960798221,2128.218523824562
2017-02-03,5.585066346472067,2.089009676350725,1581.071858674365
2017-02-04,5.376278819501149,3.1880438392491595,2262.3360123525536
2017-02-05,5.637263228214796,1.8836211335071449,1514.8750906026892
2017-02-06,3.7581754854765315,1.692842398799332,481.61235355771225
2017-02-07,4.2279474211610975,2.359953684361753,977.6731003340713
2017-02-08,6.47241333609847,2.297075383191413,2496.8204408907977
2017-02-09,6.107035163899364,1.065056652995128,1580.3660888499526
2017-02-10,6.054838282156633,3.105375937880178,2598.798440263005
2017-02-11,3.1318129045637764,1.9195028554495968,376.93553258586013
2017-02-12,7.725138497923981,4.350036673926473,6419.1091065647515
2017-02-13,5.480672582986608,2.050549930503639,1484.6157601994526
2017-02-14,6.57680709958393,0.9235212419200669,1959.106518173236
2017-02-15,8.769076132778574,1.1082254903040791,4862.195948521007
2017-02-16,4.071356775932909,1.8926553394545578,641.7978668876866
2017-02-17,4.697719356845664,1.3944864947904256,750.1916920194103
2017-02-18,5.010900647302042,3.220428612594199,1741.7693044532832
2017-02-19,0.9917407531118624,0.6376087678498319,0.0
2017-02-20,4.906506883816582,1.2752175356996631,823.1600119316387
2017-02-21,5.324081937758419,2.670238343024942,1709.1988272013393
2017-02-22,4.593325593360205,2.441079372631304,1145.4921416969182
2017-02-23,5.793853873442985,2.500338892981245,1953.940343356977
2017-02-24,5.010900647302042,2.6121125309260047,1494.1294469848717
2017-02-25,7.568547852695793,2.518465737589247,3890.23290412204
2017-02-26,6.733397744812119,3.4616651129333738,3768.527443692242
2017-02-27,4.071356775932909,1.6623382354561198,562.9576023347872
2017-02-28,6.785594626554848,1.7684085432061416,2475.837646552289
2017-03-01,6.47241333609847,3.439005948717712,3349.976366172741
2017-03-02,6.315822690870282,2.7266042564490833,2656.96832321321
2017-03-03,5.950444518671174,2.429405085859678,2057.2865690327876
2017-03-04,4.906506883816582,2.835475925682202,1560.9134095206146
2017-03-05,7.568547852695793,2.0056931056809084,3559.2114327560994
2017-03-06,9.23884806846314,1.9481701940629423,6135.82074108256
2017-03-07,11.58770774688597,2.3143375988094768,11679.22691899173
2017-03-08,10.33498258506046,6.050297720376562,11340.395245065916
2017-03-09,5.115294410787501,2.2444923034990008,1364.6718831618557
2017-03-10,7.411957207467602,2.5031798652565844,3617.0312719629283
2017-03-11,4.906506883816582,1.8806000872428215,1042.0273406607619
2017-03-12,3.1318129045637764,1.1082254903040798,164.9583310576349
2017-03-13,5.793853873442985,1.6442828239569784,1530.8855475004084
2017-03-14,6.942185271783036,2.7140632734967793,3248.704136624946
2017-03-15,6.629003981326659,1.7899801700771574,2336.672558568385
2017-03-16,3.7581754854765315,1.1681722368059135,320.3277133147271
2017-03-17,4.6455224751029345,1.3562457868783664,704.3905238221761
2017-03-18,7.150972798753955,1.8277011918674952,2902.7280219290747
2017-03-19,3.3406004315346944,1.8346875459549483,409.3874344774581
2017-03-20,5.637263228214796,2.3363444736118275,1789.3696870502806
2017-03-21,5.16749129253023,2.486657045314547,1530.8479164928467
2017-03-22,8.455894842322195,2.8673810190548252,5556.259805048327
2017-03-23,5.846050755185715,2.2671772490433035,1883.3208013010174
2017-03-24,7.203169680496685,3.5672315519771813,4383.751035666662
2017-03-25,6.0026414004139035,2.215809553599906,1966.2714271023865
2017-03-26,4.593325593360205,1.3656461397278747,692.3342218050195
2017-03-27,3.236206668049235,1.1030828848743346,166.44513272158358
2017-03-28,5.689460109957526,1.3308536041515282,1336.0931917980365
2017-03-29,5.324081937758419,2.2546026803617507,1503.993177513667
2017-03-30,6.733397744812119,1.4217428803190364,2263.8604450240637
2017-03-31,7.411957207467602,1.5636353757389865,3092.39183382275
2017-04-01,3.810372367219261,2.3502965443757247,774.3476093989455
2017-04-02,2.975222259335587,1.6442828239569782,258.00983810849027
2017-04-03,3.288403549791965,0.9641844833135228,160.29840635265987
2017-04-04,4.2279474211610975,1.8026415492542016,651.5053910485747
2017-04-05,7.464154089210333,3.7029248028510193,5037.893496331137
2017-04-06,11.535510865143243,2.5319757088394748,12024.936079653067
2017-04-07,6.889988390040307,2.154003174201479,2811.5566736307665
2017-04-08,4.958703765559312,3.209374730139647,1858.6210028026371
2017-04-09,7.672941616181252,2.374365749221214,4018.397503656576
2017-04-10,8.038319788380358,2.086967300425233,4251.513705891217
2017-04-11,5.0630975290447715,2.726604256449083,1586.7499659395671
2017-04-12,3.236206668049235,2.086967300425233,477.89534939784045
2017-04-13,4.749916238588393,1.6093312712395762,852.6383104953393
2017-04-14,4.488931829874746,1.519372551673219,705.4087063824031
2017-04-15,7.568547852695793,3.2933169766052868,4662.393624370284
2017-04-16,7.516350970953063,1.9893256362516372,3484.637735819577
2017-04-17,3.0796160228210465,1.8828663263706436,345.2270315262364
2017-04-18,5.324081937758419,3.4702777638107674,2375.7831192778503
2017-04-19,4.749916238588393,1.9886109512505767,1001.04230353641
2017-04-20,6.629003981326659,3.5331980355210133,3637.114459101556
2017-04-21,7.411957207467604,1.8065800323176606,3187.361130633714
2017-04-22,6.107035163899364,1.4455393929188083,1696.4743863673323
2017-04-23,2.244465914937373,1.3811712251446324,111.91699191612636
2017-04-24,3.8625692489619907,2.119409151279809,665.1294390824636
2017-04-25,5.428475701243879,1.4147268345649133,1188.707381317193
2017-04-26,6.681200863069389,2.8052353605834615,3119.0903664340226
2017-04-27,7.098775917011225,3.439005948717712,4208.6108790067565
2017-04-28,3.5493879585056125,1.9778596869393552,514.2204618172175
2017-04-29,8.090516670123089,3.3036597928870934,5312.84888418873
2017-04-30,7.986122906637629,3.0643653897497574,5015.7363130644935
2017-05-01,6.785594626554848,3.021857843280959,3300.3772494628515
2017-05-02,9.499832477176787,1.4737809583834285,6381.855221526677
2017-05-03,3.027419141078317,1.60667925415959,244.07337733878697
2017-05-04,6.315822690870282,3.4747806327531388,3294.780086550433
2017-05-05,9.18665118672041,2.111345422037213,6212.743215875351
2017-05-06,5.010900647302042,2.0233336661392243,1179.7056269807176
2017-05-07,4.749916238588393,1.6920024868653172,877.300477986158
2017-05-08,3.1840097863065058,1.4766716724229363,258.1660444763975
2017-05-09,4.280144302903827,1.5636353757389867,611.7323738599188
2017-05-10,3.1840097863065058,1.6093312712395764,297.6642799368009
2017-05-11,6.107035163899364,1.8214686035833265,1890.2485595094772
2017-05-12,2.9230253775928574,1.2617702263030384,150.86566392002436
2017-05-13,3.8625692489619907,2.6359481454019607,937.1190513058792
2017-05-14,3.288403549791965,2.7349329639160067,764.1714661343354
2017-05-15,4.123553657675639,1.6303921182745575,574.4267098878767
2017-05-16,5.846050755185715,3.3178285203441913,2855.40242106033
2017-05-17,8.769076132778574,4.292138867790252,7740.601235757837
2017-05-18,10.752557639002298,3.9943405837784174,11261.278691323734
2017-05-19,8.664682369293113,2.2138841575344093,5361.311242978047
2017-05-20,6.159232045642093,1.7684085432061416,1876.8992932038414
2017-05-21,6.002641400413904,3.1557771728605775,2673.8031252956876
2017-05-22,6.681200863069389,2.143418327961648,2587.4045947250393
2017-05-23,3.8625692489619907,2.33390951258173,849.6270761598804
2017-05-24,5.1152944107875005,2.999193589536066,1771.5600157527979
2017-05-25,6.159232045642093,1.9165383705060852,1972.024796382712
2017-05-26,3.5493879585056125,1.5960271195614795,355.99036925491333
2017-05-27,2.975222259335587,1.6022494711110136,236.28364293800735
2017-05-28,4.332341184646557,2.056088225345048,824.8839643162783
2017-05-29,6.3680195726130115,3.5989691127546797,3570.3304965658126
2017-05-30,6.107035163899364,3.248117556449226,2827.8042812491763
2017-05-31,4.749916238588393,2.884679863509111,1491.7430381210413
2017-06-01,3.4449941950201537,1.4891332576776712,317.3541099868297
2017-06-02,2.4010565601655616,1.4267332181627939,133.7993934545165
2017-06-03,2.818631614107398,1.8191258777217751,319.1966377318147
2017-06-04,3.91476613070472,2.163879444119733,727.9592467376439
2017-06-05,5.324081937758419,3.825652607098992,2701.6760468350944
2017-06-06,6.889988390040307,2.3653684991689854,3009.0102199252215
2017-06-07,5.115294410787501,2.213884157534409,1318.8707149646214
2017-06-08,1.7746939792528067,1.3276454349111197,31.15893760311841
2017-06-09,5.21968817427296,2.4410793726313043,1489.588097640242
2017-06-10,6.315822690870282,4.1544771837337136,4063.5362153746196
2017-06-11,6.420216454355741,2.0998687991670106,2298.779700132276
2017-06-12,5.950444518671174,2.4849415176558374,2092.362030508907
2017-06-13,4.019159894190179,2.30633906663306,848.7650999675606
2017-06-14,4.2279474211610975,2.2715619031581276,945.2211984424732
2017-06-15,3.7581754854765315,1.4776339870721065,398.1121642998377
2017-06-16,4.123553657675639,2.005693105680909,699.342924366263
2017-06-17,4.541128711617476,2.271561903158127,1054.7517814947694
2017-06-18,6.629003981326659,2.94321839295795,3019.81687099912
2017-06-19,5.27188505601569,2.9777891908045806,1976.2161019839655
2017-06-20,4.175750539418368,2.680864084739426,1084.8172745225372
2017-06-21,3.0796160228210465,0.8242998336817783,107.41327357905854
2017-06-22,4.802113120331123,2.5504350713993276,1339.3848901994083
2017-06-23,5.585066346472067,2.6633088776135643,1950.6919583008273
2017-06-24,6.942185271783036,2.504882901987386,3164.6167529030045
2017-06-25,6.5246102178412,2.9082366740723415,2882.8819855111387
2017-06-26,5.741656991700256,2.811309496949585,2087.9392565246226
2017-06-27,3.810372367219261,2.3791503701928733,746.5932632198841
2017-06-28,5.793853873442985,3.341309553033593,2679.6750699363583
2017-06-29,6.054838282156633,2.7061956467207198,2393.7489969432395
2017-06-30,2.9752222593355877,1.4689504604384325,230.686480025589
2017-07-01,4.332341184646557,2.4497985790060213,1015.9969468663404
2017-07-02,4.2279474211610975,2.050549930503639,793.7250267131599
2017-07-03,2.9230253775928574,1.7195029743588557,272.258711614008
2017-07-04,3.3406004315346944,1.5081038728837235,301.6184348173633
2017-07-05,3.1318129045637764,1.22518937814876,180.38159349128688
2017-07-06,3.0796160228210465,1.0434836502126168,136.92920315032106
2017-07-07,5.0630975290447715,1.9713807842960016,1142.868582112397
2017-07-08,3.6537817219910718,1.7684085432061414,474.8784327247213
2017-07-09,3.4449941950201537,1.4891332576776712,327.18020950806334
2017-07-10,3.5493879585056125,1.63822013290648,398.661727756343
2017-07-11,3.0796160228210465,1.6920024868653172,289.718339168114
2017-07-12,4.749916238588393,2.30633906663306,1254.435530285147
2017-07-13,4.802113120331123,2.045691622945323,1067.98247244006
2017-07-14,4.175750539418368,1.5526879689400892,561.9770507821221
2017-07-15,2.244465914937373,1.1069420787672044,60.67486717438093
2017-07-16,4.6455224751029345,2.4636851252629923,1191.1371035262453
2017-07-17,3.9669630124474495,1.4621609534939966,467.12632933150354
2017-07-18,1.6703002157673472,1.1485376915957064,31.15893760311841
2017-07-19,3.288403549791965,1.0325281377991486,174.23486712236317
2017-07-20,4.332341184646557,2.4217866215287236,1018.0333119867944
2017-07-21,2.2966627966801023,1.5081038728837235,112.07319828403358
2017-07-22,4.175750539418368,2.1434183279616486,831.8926668775218
2017-07-23,3.4449941950201537,1.4425862960798224,303.41764921712644
2017-07-24,5.428475701243879,1.758736227042977,1308.0264328831609
2017-07-25,3.91476613070472,1.580813729992663,481.0627901012069
2017-07-26,3.288403549791965,1.0325281377991486,180.38159349128688
2017-07-27,3.8625692489619907,1.9518150432626897,612.9877071408367
2017-07-28,6.159232045642093,2.3629634466922895,2162.550584468707
2017-07-29,5.793853873442985,1.2696317990994987,1397.1614160610154
2017-07-30,3.653781721991072,1.5193725516732195,386.2120686505884
2017-07-31,1.7746939792528063,1.0393888653522658,45.09539837282172
2017-08-01,2.4010565601655616,1.7293947317486704,215.263217591937
2017-08-02,2.7142378506219393,1.4621609534939963,177.40799016338954
2017-08-03,4.593325593360205,1.6793533997775867,805.0755589059038
2017-08-04,7.203169680496685,2.720863481237052,3594.1306878643113
2017-08-05,3.9669630124474495,2.143418327961649,707.8384285914552
2017-08-06,3.236206668049235,1.3276454349111197,217.84346383123622
2017-08-07,3.5493879585056125,1.8346875459549483,450.0600588659957
2017-08-08,3.4449941950201537,1.3446672252525804,281.5352476787363
2017-08-09,2.348859678422832,1.3478348791714994,88.70399508169477
2017-08-10,3.7581754854765315,1.22518937814876,344.40268634147844
2017-08-11,3.8625692489619907,1.6894802457311069,512.1840966967634
2017-08-12,3.705978603733802,1.7120466507372467,457.69358689886803
2017-08-13,1.8790877427382657,1.7326794350534345,126.0096590537369
2017-08-14,2.5576472053937507,1.3562457868783664,127.49646071768557
2017-08-15,2.6620409688792095,1.8949071609998789,258.1660444763975
2017-08-16,3.91476613070472,1.7836157759885904,568.2423525113911
2017-08-17,5.793853873442985,2.6590356155307804,2059.322934153242
2017-08-18,5.16749129253023,1.705391439343635,1125.4089545582908
2017-08-19,2.870828495850128,1.0756809224873578,113.55999994798225
2017-08-20,2.9752222593355877,0.9641844833135228,107.41327357905854
2017-08-21,3.4449941950201537,1.7424963942654783,392.5150013874193
2017-08-22,5.27188505601569,2.2463914652858317,1447.7787153311322
2017-08-23,3.810372367219261,1.7120466507372467,483.6863496857279
2017-08-24,4.332341184646557,2.3357359713294366,966.0854174206364
2017-08-25,3.4449941950201537,1.2390337653589787,259.6528461403462
2017-08-26,3.0796160228210465,1.0434836502126166,143.07592951924477
2017-08-27,4.123553657675639,1.544426490436813,542.8744151961602
2017-08-28,3.288403549791965,1.3222811889946267,231.62371823303232
2017-08-29,2.7664347323646687,1.4766716724229363,191.18824456518564
2017-08-30,2.9230253775928574,1.0228458114726615,119.70672631690596
2017-08-31,5.689460109957526,2.246391465285832,1716.4013671380521
2017-09-01,6.681200863069389,1.7195029743588557,2358.398753738868
2017-09-02,2.923025377592858,1.2617702263030381,157.1685966568553
2017-09-03,3.8625692489619907,1.2752175356996638,377.87277079330346
2017-09-04,5.793853873442985,3.320826236301613,2704.493443795084
2017-09-05,5.376278819501149,2.3791503701928733,1590.4669700994389
2017-09-06,5.16749129253023,2.0338445611074296,1273.9691539672688
2017-09-07,4.175750539418368,1.758736227042977,651.9363791447347
2017-09-08,3.497191076762883,2.0560882253450483,523.7341486026365
2017-09-09,5.115294410787501,1.563635375738987,1033.3756300676628
2017-09-10,4.593325593360205,1.9076172745734452,873.7773112017552
2017-09-11,3.6015848402483424,1.3478348791714991,324.8314316517949
2017-09-12,3.705978603733802,1.9008989772533122,537.6706093723399
2017-09-13,3.1318129045637764,1.0448450123704018,150.8656639200244
2017-09-14,2.1922690331946435,0.846421199399666,23.36920320233881
2017-09-15,3.027419141078317,1.039388865352266,141.58912785529608
2017-09-16,3.601584840248343,1.4455393929188083,362.9990718161568
2017-09-17,3.3406004315346944,1.1485376915957062,216.20045579938034
2017-09-18,4.123553657675639,1.0756809224873578,426.8037486863423
2017-09-19,3.1318129045637764,1.3319212766891937,208.41072139860074
2017-09-20,3.497191076762883,2.056088225345048,517.5874222337129
2017-09-21,2.60984408713648,1.039388865352266,76.25433597594014
2017-09-22,2.505450323651021,1.10822549030408,76.25433597594014
2017-09-23,2.6620409688792095,1.445539392918808,163.315323025779
2017-09-24,2.870828495850128,1.0756809224873578,107.41327357905854
2017-09-25,2.60984408713648,1.2205396863156521,111.91699191612636
2017-09-26,3.288403549791965,2.083558891649788,480.12555189376354
2017-09-27,5.428475701243879,1.8346875459549485,1340.047346678599
2017-09-28,4.906506883816582,2.1513618449747156,1130.9684864631474
2017-09-29,5.115294410787501,2.448057222137004,1414.8581943358124
2017-09-30,5.27188505601569,2.0890096763507247,1366.9020856577788
2017-10-01,4.280144302903827,2.0540131147487286,798.4225824256968
