Date,Mean_WindSpeed,Std_WindSpeed,Total_Power_kW
2012-10-02,0.6263625809127552,0.7388169935360532,0.0
2012-10-03,1.9834815062237248,1.72939473174867,104.28346388325397
2012-10-04,2.1922690331946435,2.0650562755982973,213.07064610357577
2012-10-05,3.8625692489619907,1.6485996673635563,477.383416948897
2012-10-06,3.9669630124474495,1.5081038728837235,474.9160637322832
2012-10-07,4.175750539418368,1.9778596869393552,757.3189699409992
2012-10-08,1.5659064522818882,1.4425862960798224,37.30566397204212
2012-10-09,2.9230253775928574,1.4147268345649133,192.83125259704153
2012-10-10,3.4449941950201537,2.644562377989253,727.8030403697367
2012-10-11,7.203169680496685,2.1301133059902555,3125.118517442601
2012-10-12,4.802113120331123,3.4784604626593985,1966.1961650872634
2012-10-13,3.91476613070472,2.6461744246967074,894.0167047082896
2012-10-14,0.6785594626554848,1.278557264340827,15.579468801559205
2012-10-15,4.6455224751029345,1.8277011918674957,856.9048781117165
2012-10-16,7.464154089210333,2.435832867615862,3815.2282190893575
2012-10-17,2.5576472053937507,1.7899801700771578,164.8021246897277
2012-10-18,3.810372367219261,2.8249285515254914,969.4147468295697
2012-10-19,5.480672582986608,3.019504920831783,2004.9886307232537
2012-10-20,3.392797313277424,2.039428221747542,453.7394320183056
2012-10-21,2.9230253775928574,0.7980135597807397,84.04407037671973
2012-10-22,2.60984408713648,1.1030828848743344,76.25433597594014
2012-10-23,0.7307563443982144,1.1030828848743346,7.7897344007796026
2012-10-24,1.5659064522818882,1.1826842495844927,7.7897344007796026
2012-10-25,1.7746939792528063,1.5193725516732193,60.67486717438093
2012-10-26,3.3406004315346944,3.1272707514779734,933.5958845214763
2012-10-27,4.906506883816582,1.378080200251331,854.8685129912624
2012-10-28,4.802113120331123,1.7195029743588557,906.8164075574205
2012-10-29,6.420216454355741,2.256493332836852,2443.5419510285983
2012-10-30,8.925666778006763,2.1951849321112644,5850.883047335825
2012-10-31,11.117935811201406,2.316179491340426,10875.79651347374
2012-11-01,7.359760325724873,2.09986879916701,3299.515273270531
2012-11-02,5.950444518671174,1.2929297386880931,1525.7570036917118
2012-11-03,5.16749129253023,1.5370456764354472,1065.8275319592606
2012-11-04,3.392797313277424,1.010260763129421,195.9610622928461
2012-11-05,2.7142378506219393,1.3147344756524921,113.55999994798225
2012-11-06,2.4010565601655616,1.1632946696289366,46.73840640467762
2012-11-07,1.6703002157673472,1.5960271195614792,74.61132794408424
2012-11-08,3.288403549791965,1.0325281377991486,180.38159349128688
2012-11-09,0.5741656991700256,1.1069420787672044,7.7897344007796026
2012-11-10,1.826890860995536,1.8089390061612518,97.98053114642305
2012-11-11,1.7224970975100768,1.6022494711110133,60.67486717438093
2012-11-12,5.741656991700256,2.687219362131953,2038.9273342788006
2012-11-13,6.211428927384823,1.6303921182745573,1863.3938205302977
2012-11-14,4.541128711617476,1.9128263035494955,862.1896282883204
2012-11-15,0.4175750539418368,0.8793681135214884,0.0
2012-11-16,1.043937634854592,0.7980135597807395,0.0
2012-11-17,0.7829532261409441,1.0966207151204974,0.0
2012-11-18,0.521968817427296,0.8985565861143329,0.0
2012-11-19,1.1483313983400512,1.220539686315652,15.579468801559205
2012-11-20,0.5741656991700256,0.9032900161588304,0.0
2012-11-21,0.2087875269709184,0.6032415491534894,0.0
2012-11-22,0.8873469896264031,1.4056547484747925,23.36920320233881
2012-11-23,3.236206668049235,1.8439615100791267,400.11089841272985
2012-11-24,6.733397744812119,1.8401030385774604,2478.773618872625
2012-11-25,7.464154089210332,1.6717180075647358,3209.243532172104
2012-11-26,3.5493879585056125,1.1485376915957064,261.29585417220204
2012-11-27,3.1318129045637764,1.5231102511752141,223.99019020015993
2012-11-28,2.1922690331946435,1.182684249584493,31.15893760311841
2012-11-29,3.392797313277424,1.9008989772533125,454.2889954748109
2012-11-30,5.16749129253023,1.7836157759885902,1136.4094430076589
2012-12-01,2.9230253775928574,2.73129227945575,615.0240722612907
2012-12-02,3.392797313277424,1.251589932628292,225.4769918641086
2012-12-03,4.123553657675639,1.7899801700771574,583.8594523205122
2012-12-04,1.4615126887964287,1.5960271195614792,74.61132794408424
2012-12-05,5.16749129253023,1.8214686035833272,1181.6234167408259
2012-12-06,4.436734948132016,1.5221766867288322,663.1307049695714
2012-12-07,1.5137095705391586,1.692002486865317,74.61132794408424
2012-12-08,0.8873469896264033,1.4056547484747925,23.36920320233881
2012-12-09,2.505450323651021,1.8470424838401331,185.19772456416914
2012-12-10,4.071356775932909,1.9634330925536199,659.5699071776071
2012-12-11,2.9230253775928574,2.2970753831914124,415.69036721428904
2012-12-12,3.8625692489619907,2.0869673004252336,646.1830098644091
2012-12-13,4.019159894190179,0.9032900161588305,345.18371818101457
2012-12-14,3.653781721991072,1.7293947317486702,456.2067852349194
2012-12-15,2.1400721514519137,1.6717180075647364,91.83380477749934
2012-12-16,1.8790877427382657,1.4307129559300835,60.67486717438093
2012-12-17,3.1840097863065058,1.5221766867288322,265.95577887717707
2012-12-18,2.087875269709184,1.365646139727875,60.67486717438093
2012-12-19,2.818631614107398,1.2390337653589785,113.55999994798225
2012-12-20,1.30492204356824,1.499596794768033,45.09539837282172
2012-12-21,4.280144302903827,3.2816423441337426,1432.1616155220113
2012-12-22,7.046579035268496,3.558853543140276,4037.737289963229
2012-12-23,8.194910433608547,3.045753827433503,5232.990437075604
2012-12-24,2.6620409688792095,1.3975412333794177,133.7993934545165
2012-12-25,2.818631614107398,1.4891332576776712,164.9583310576349
2012-12-26,3.236206668049235,1.1632946696289368,188.1713278920665
2012-12-27,6.629003981326659,2.407658431230082,2692.1999910572367
2012-12-28,4.697719356845664,1.4425862960798221,764.1281527891136
2012-12-29,0.1565906452281888,0.423210599699833,0.0
2012-12-30,3.027419141078317,1.5636353757389867,208.4107213986007
2012-12-31,3.91476613070472,1.6649015958614914,478.87021861284563
2013-01-01,4.906506883816582,0.9715279594195204,753.0090889794004
2013-01-02,3.705978603733802,1.5879911277609156,401.63533108424036
2013-01-03,3.236206668049235,1.9518150432626893,360.65029395988836
2013-01-04,3.705978603733802,1.1373443121973514,304.9044508810751
2013-01-05,6.681200863069389,1.9430559188390408,2478.1864244085573
2013-01-06,3.288403549791965,1.3729130271992673,231.77992460093955
2013-01-07,4.749916238588393,1.166954756290865,715.8596313752655
2013-01-08,4.280144302903827,2.811309496949585,1116.5634065897227
2013-01-09,4.436734948132016,1.651184356174078,714.9223931678222
2013-01-10,3.810372367219261,2.005693105680909,607.5843816038872
2013-01-11,3.1318129045637764,2.68933445050516,671.7071535475474
2013-01-12,3.392797313277424,1.6303921182745569,304.5920381452607
2013-01-13,3.9669630124474495,0.9538086372867223,343.5407101491587
2013-01-14,3.027419141078317,2.244492303499001,423.48010161506863
2013-01-15,5.480672582986608,2.271561903158127,1643.4706782333856
2013-01-16,0.6263625809127552,0.826022510239319,0.0
2013-01-17,3.1318129045637764,2.9782665153553425,810.9908168917967
2013-01-18,5.16749129253023,2.163879444119733,1281.7212573604866
2013-01-19,4.802113120331123,3.613160064635322,2035.2103301189288
2013-01-20,7.933926024894899,1.7195029743588548,3869.8373042475982
2013-01-21,10.021801294604083,2.6893344505051613,8498.981701604283
2013-01-22,5.21968817427296,1.5960271195614792,1133.3548953269776
2013-01-23,6.315822690870282,1.712046650737247,1994.9253804813295
2013-01-24,2.870828495850128,1.251589932628292,135.28619511846517
2013-01-25,3.705978603733802,1.3562457868783662,348.20063485413374
2013-01-26,2.0356783879664544,1.7643848553003325,105.77026554720265
2013-01-27,2.348859678422832,1.8585506480384677,229.1996783616403
2013-01-28,1.8790877427382657,2.2771869102925435,220.70417413644816
2013-01-29,5.5328694647293375,3.4240933014744934,2420.4098985469504
2013-01-30,4.2279474211610975,4.176317858290549,2195.202006073435
2013-01-31,5.5328694647293375,2.3916644597201167,1677.5279571492779
2013-02-01,10.54377011203138,2.2746886243947033,9237.233521610826
2013-02-02,8.769076132778572,1.331921276689194,4925.612950640254
2013-02-03,6.942185271783036,0.8242998336817783,2297.917723939956
2013-02-04,4.541128711617476,1.6022494711110138,748.1176958913946
2013-02-05,3.3406004315346944,2.0787777307045316,474.4098136209996
2013-02-06,3.288403549791965,1.725280058462614,345.2270315262364
2013-02-07,3.7581754854765315,1.9893256362516374,541.2314071643043
2013-02-08,2.9230253775928574,1.8715076886741888,259.8090525082534
2013-02-09,6.3680195726130115,2.737530488448611,2756.5166003763657
2013-02-10,3.5493879585056125,2.297075383191413,549.0211415650839
2013-02-11,4.175750539418368,1.8715076886741895,650.9181965845078
2013-02-12,6.681200863069389,3.990067798903698,4271.71546839019
2013-02-13,5.898247636928445,2.2615273454131026,1979.5021180476774
2013-02-14,2.6620409688792095,1.5370456764354474,149.22265588816848
2013-02-15,3.705978603733802,1.544426490436813,404.4150970366686
2013-02-16,6.107035163899362,1.7836157759885904,1855.0168916654507
2013-02-17,1.8790877427382657,1.567267518555603,68.46460157516053
2013-02-18,3.8625692489619907,1.72939473174867,505.41254485621084
2013-02-19,2.975222259335587,3.0420178507713866,735.1241556667945
2013-02-20,8.194910433608547,2.121420294371527,4499.896964191603
2013-02-21,7.77733537966671,2.4217866215287236,4100.448522258064
2013-02-22,4.071356775932909,1.8191258777217751,630.953584806226
2013-02-23,4.958703765559313,2.072614317509352,1120.9861805740068
2013-02-24,4.6455224751029345,1.4056547484747925,724.6299173287102
2013-02-25,3.705978603733802,1.4056547484747923,378.578540617716
2013-02-26,1.461512688796429,1.365646139727875,31.15893760311841
2013-02-27,5.793853873442985,3.1737435985470293,2483.4335435775997
2013-02-28,4.384538066389287,2.3069553229076876,913.6689037507567
2013-03-01,4.802113120331123,2.468872443236073,1245.7461886844858
2013-03-02,5.689460109957526,1.0434836502126166,1255.0603557567758
2013-03-03,4.6455224751029345,1.0756809224873576,644.2219067590787
2013-03-04,4.6455224751029345,1.4056547484747928,724.6299173287102
2013-03-05,1.409315807053699,1.2424707588279187,15.579468801559205
2013-03-06,3.392797313277424,2.0394282217475426,473.97882552483986
2013-03-07,4.123553657675639,2.0056931056809093,672.2134036588307
2013-03-08,2.0356783879664544,1.912826303549496,149.22265588816848
2013-03-09,1.043937634854592,1.4621609534939963,31.15893760311841
2013-03-10,1.9834815062237248,1.9518150432626893,135.28619511846517
2013-03-11,2.6620409688792095,2.5676548002926154,444.8938840497371
2013-03-12,4.749916238588393,2.3934468456038656,1109.6732793888245
2013-03-13,5.898247636928445,1.6303921182745573,1644.9574798973342
2013-03-14,5.5328694647293375,2.906769966401982,2102.0319236622336
2013-03-15,4.6455224751029345,1.630392118274557,792.3134870643347
2013-03-16,3.5493879585056125,1.552687968940089,350.393206342495
2013-03-17,2.9230253775928574,1.8346875459549485,245.71638537064285
2013-03-18,4.488931829874746,1.8806000872428217,801.5523921215013
2013-03-19,5.950444518671174,2.0650562755982973,1870.8711421952628
2013-03-20,6.681200863069389,2.8294536691298267,2979.9252784501186
2013-03-21,5.585066346472067,1.5221766867288322,1331.3956360854997
2013-03-22,5.428475701243879,1.8346875459549485,1353.9838074483023
2013-03-23,5.27188505601569,1.4766716724229363,1098.5542155791113
2013-03-24,1.7224970975100768,1.4689504604384325,60.67486717438093
2013-03-25,3.392797313277424,3.354895619963433,1113.5521722542633
2013-03-26,7.620744734438522,1.220539686315652,3211.0051155643055
2013-03-27,5.324081937758419,1.1826842495844927,1046.6063210129535
2013-03-28,5.846050755185715,2.441079372631304,1985.6488444166007
2013-03-29,4.749916238588393,1.224028611068502,729.7960921449688
2013-03-30,3.0796160228210465,0.9759075216313448,129.13946874954146
2013-03-31,2.6620409688792095,2.486657045314547,412.59818852604633
2013-04-01,3.4449941950201537,3.0518150350752253,889.2815179881909
2013-04-02,6.315822690870282,1.7514469366169896,2005.33867446663
2013-04-03,5.0630975290447715,2.2914991973674455,1342.7894816234657
2013-04-04,4.332341184646557,1.8462727224048108,759.5491724369223
2013-04-05,2.975222259335587,2.3014030758134885,451.6654358902897
2013-04-06,3.6015848402483424,1.6234021949035704,382.5326954982785
2013-04-07,3.027419141078317,1.8806000872428215,305.4540143375804
2013-04-08,6.211428927384823,2.9663103590370294,2580.320630148672
2013-04-09,1.3571189253109697,1.6485996673635563,60.67486717438093
2013-04-10,4.280144302903827,2.811309496949585,1184.9527461497596
2013-04-11,4.175750539418368,1.758736227042977,635.651140518763
2013-04-12,6.57680709958393,1.5781137899690694,2191.6355259438096
2013-04-13,4.384538066389287,2.1540031742014794,878.7496486425447
2013-04-14,6.3680195726130115,1.7684085432061416,2090.638078124268
2013-04-15,2.60984408713648,1.9518150432626893,250.37631007561788
2013-04-16,3.7581754854765315,3.001088814742287,1166.1248922920504
2013-04-17,4.175750539418368,1.6382201329064803,603.5116513629794
2013-04-18,4.541128711617476,1.1571687994047384,614.5497708199089
2013-04-19,5.480672582986608,3.3002157890393664,2448.045669365666
2013-04-20,6.681200863069389,4.190249716861891,4435.542723864913
2013-04-21,7.672941616181252,2.4590649896918255,3927.8133498223347
2013-04-22,2.505450323651021,2.4780675307179565,359.1634922959397
2013-04-23,2.1400721514519137,1.7120466507372467,113.55999994798225
2013-04-24,3.5493879585056125,2.877278808305004,824.964908669062
2013-04-25,4.697719356845664,1.7812232654871216,847.0787785904828
2013-04-26,4.854310002073853,2.620262667832089,1438.0335601626823
2013-04-27,2.7664347323646687,1.8462727224048106,236.28364293800735
2013-04-28,2.348859678422832,1.821468603583327,163.315323025779
2013-04-29,2.1922690331946435,0.761555125587607,15.579468801559205
2013-04-30,1.6703002157673472,1.314734475652492,23.36920320233881
2013-05-01,3.392797313277424,2.545413975936992,673.4687369397485
2013-05-02,1.8790877427382657,1.6102143062970997,62.31787520623682
2013-05-03,2.9230253775928574,1.552687968940089,214.55744776752445
2013-05-04,3.236206668049235,1.8065800323176608,345.07082515832917
2013-05-05,3.810372367219261,2.072614317509352,608.3277824358616
2013-05-06,3.810372367219261,2.491226010205927,792.8254195132783
2013-05-07,3.0796160228210465,1.1669547562908653,164.8021246897277
2013-05-08,2.9230253775928574,2.0456916229453235,333.3269358769871
2013-05-09,2.087875269709184,1.5526879689400892,90.19079674564344
2013-05-10,1.6181033340246176,2.005693105680909,167.97524773075406
2013-05-11,3.0796160228210465,2.3357359713294366,456.3629916028266
2013-05-12,4.280144302903827,1.60667925415959,625.8250409975293
2013-05-13,7.255366562239414,3.0232687177691338,3946.447366304575
2013-05-14,3.392797313277424,2.200359211374908,534.4598553237516
2013-05-15,2.818631614107398,2.5392635981989975,446.38068571368575
2013-05-16,5.010900647302042,3.4849927885309566,2061.203092905789
2013-05-17,2.9752222593355877,1.5590832980283988,202.1077886617698
2013-05-18,4.280144302903827,1.2752175356996636,534.1041292427154
2013-05-19,3.5493879585056125,1.63822013290648,348.2006348541337
2013-05-20,1.30492204356824,1.5879911277609156,52.88513277360133
2013-05-21,3.0274191410783167,2.7124915737567328,626.3369734464728
2013-05-22,4.123553657675639,2.598472163380665,923.4950032719903
2013-05-23,4.332341184646557,3.1987270655241478,1441.8691396828995
2013-05-24,3.653781721991072,1.9518150432626893,487.3657228380378
2013-05-25,4.332341184646556,1.5221766867288322,609.5398023715576
2013-05-26,1.7746939792528067,1.9165383705060854,119.70672631690596
2013-05-27,1.7746939792528063,1.9165383705060852,127.49646071768557
2013-05-28,2.7142378506219393,1.7971131722286657,222.34718216830404
2013-05-29,2.348859678422832,1.580813729992663,113.55999994798225
2013-05-30,5.376278819501149,2.005693105680909,1441.475782594301
2013-05-31,2.244465914937373,2.6115682841171126,430.91979227247214
2013-06-01,3.1840097863065058,2.6375654570248703,582.7660077451616
2013-06-02,4.071356775932909,1.9634330925536203,649.5876012884663
2013-06-03,4.6455224751029345,2.4076584312300824,1083.6805166019647
2013-06-04,3.236206668049235,1.6485996673635561,281.5352476787363
2013-06-05,1.2005282800827808,1.1373443121973514,7.7897344007796026
2013-06-06,3.1840097863065058,1.651184356174078,287.8381804155672
2013-06-07,2.7664347323646687,2.1847996110261927,317.1979036189225
2013-06-08,3.288403549791965,2.017000837878871,394.00180305136803
2013-06-09,1.6181033340246176,1.1958322298600583,23.36920320233881
2013-06-10,1.6181033340246176,1.4056547484747925,88.54778871378755
2013-06-11,1.9834815062237248,1.951815043262689,193.38081605354688
2013-06-12,1.7746939792528063,1.1030828848743344,23.36920320233881
2013-06-13,2.0356783879664544,1.6442828239569784,119.70672631690596
2013-06-14,3.6015848402483424,2.5676548002926154,753.6395967886892
2013-06-15,3.653781721991072,1.3780802002513317,340.56710682126135
2013-06-16,2.244465914937373,1.1669547562908655,60.67486717438093
2013-06-17,2.505450323651021,1.10822549030408,62.31787520623682
2013-06-18,1.7224970975100768,1.7643848553003323,111.91699191612636
2013-06-19,3.705978603733802,1.7120466507372467,407.388700364566
2013-06-20,2.087875269709184,1.552687968940089,118.21992465295729
2013-06-21,2.4010565601655616,0.9715279594195205,46.73840640467762
2013-06-22,1.6703002157673472,1.0228458114726615,7.7897344007796026
2013-06-23,2.348859678422832,1.7449420044434052,170.9488510586514
2013-06-24,2.60984408713648,2.4757719604885984,439.14051476941154
2013-06-25,3.288403549791965,1.6022494711110136,296.9585101123883
2013-06-26,2.244465914937373,1.5221766867288318,84.04407037671973
2013-06-27,2.1400721514519137,0.8646973658743352,23.36920320233881
2013-06-28,1.5137095705391586,0.8242998336817782,0.0
2013-06-29,1.6703002157673472,1.365646139727875,31.15893760311841
2013-06-30,2.087875269709184,1.206483098306979,38.94867200389801
2013-07-01,4.802113120331123,2.175018336963236,1105.2881364121022
2013-07-02,4.280144302903827,1.473780958383428,590.162385057343
2013-07-03,3.392797313277424,1.1958322298600585,231.77992460093955
2013-07-04,3.027419141078317,1.275217535699664,172.59185909050728
2013-07-05,3.3406004315346944,1.3147344756524921,239.41345263381191
2013-07-06,1.8790877427382657,0.9048623237302341,15.579468801559205
2013-07-07,2.348859678422832,1.2424707588279185,84.04407037671973
2013-07-08,2.4010565601655616,1.3276454349111197,90.19079674564344
2013-07-09,1.7224970975100768,1.3729130271992676,46.73840640467762
2013-07-10,2.870828495850128,2.676087722089363,655.971478378081
2013-07-11,4.123553657675639,1.2515899326282918,465.08996421104956
2013-07-12,1.9834815062237248,1.9518150432626893,170.9488510586514
2013-07-13,1.7746939792528063,1.806580032317661,111.91699191612636
2013-07-14,2.4010565601655616,1.1030828848743346,52.88513277360133
2013-07-15,1.7224970975100768,0.7212931480399111,7.7897344007796026
2013-07-16,1.409315807053699,0.6723336126262904,0.0
2013-07-17,1.409315807053699,0.423210599699833,0.0
2013-07-18,2.818631614107398,0.761555125587607,62.31787520623682
2013-07-19,2.348859678422832,1.0650566529951278,46.73840640467762
2013-07-20,4.593325593360205,2.6294689513049843,1160.4467850268484
2013-07-21,3.392797313277424,1.7899801700771572,392.5150013874193
2013-07-22,3.236206668049235,1.378080200251331,250.5325164435251
2013-07-23,3.027419141078317,0.8191100664532401,93.47681280935524
2013-07-24,2.975222259335587,1.5590832980283986,229.98071020117644
2013-07-25,1.3571189253109697,1.648599667363556,130.66958375871192
2013-07-26,2.087875269709184,1.4147268345649133,74.61132794408424
2013-07-27,2.244465914937373,1.278557264340827,73.12452628013557
2013-07-28,3.288403549791965,1.6442828239569784,289.1687757116087
2013-07-29,3.91476613070472,1.821468603583327,549.0211415650839
2013-07-30,4.6455224751029345,0.5816473348144683,556.2989435169201
2013-07-31,1.4615126887964287,1.0228458114726615,15.579468801559205
2013-08-01,1.9312846244809954,0.9032900161588304,0.0
2013-08-02,1.409315807053699,1.1273013401808754,23.36920320233881
2013-08-03,3.6015848402483424,2.939352094549393,937.4314640416934
2013-08-04,2.4010565601655616,1.7293947317486704,161.82852136183033
2013-08-05,2.5576472053937507,1.5879911277609156,157.0123902889481
2013-08-06,1.7224970975100768,1.269631799099499,31.15893760311841
2013-08-07,2.7142378506219393,1.5081038728837235,143.07592951924477
2013-08-08,3.6537817219910718,1.843961510079127,447.71128100972726
2013-08-09,3.4449941950201537,1.2390337653589785,247.20318703459154
2013-08-10,1.7224970975100768,0.8103866008848731,0.0
2013-08-11,1.7224970975100768,1.214702542929839,38.94867200389801
2013-08-12,1.2527251618255104,0.7388169935360532,0.0
2013-08-13,1.5137095705391583,0.7368904791917141,0.0
2013-08-14,2.818631614107398,1.702889029427279,229.98071020117644
2013-08-15,2.453253441908291,1.5879911277609158,169.46204939470272
2013-08-16,2.1400721514519137,0.9403000436214108,31.15893760311841
2013-08-17,1.2527251618255104,0.0,0.0
2013-08-18,1.5659064522818882,0.7615551255876071,0.0
2013-08-19,1.826890860995536,0.6376087678498318,0.0
2013-08-20,1.8268908609955359,0.7368904791917141,0.0
2013-08-21,2.1400721514519137,0.864697365874335,23.36920320233881
2013-08-22,3.027419141078317,1.039388865352266,129.13946874954146
2013-08-23,4.280144302903827,0.6308851131515191,404.2155773235396
2013-08-24,3.1840097863065058,0.9759075216313446,144.71893755110065
2013-08-25,2.4532534419082914,0.940300043621411,46.73840640467762
2013-08-26,3.3406004315346944,1.5081038728837233,301.6184348173633
2013-08-27,4.2279474211610975,1.3222811889946264,526.3143948419358
2013-08-28,4.2279474211610975,1.6022494711110133,600.2632663068293
2013-08-29,3.810372367219261,0.8646973658743352,278.36212463770994
2013-08-30,2.348859678422832,0.9989409575168953,46.73840640467762
2013-08-31,2.244465914937373,0.736890479191714,15.579468801559205
2013-09-01,2.0356783879664544,0.8906116327435609,23.36920320233881
2013-09-02,2.7664347323646687,1.9539986893417585,258.00983810849027
2013-09-03,4.488931829874746,1.275217535699664,584.1718650563266
2013-09-04,3.653781721991072,1.1030828848743344,270.57239023693035
2013-09-05,3.4971910767628835,1.1069420787672042,213.1835391262612
2013-09-06,1.7746939792528063,0.9715279594195204,23.36920320233881
2013-09-07,3.8625692489619907,0.5114229057363308,244.3424767293796
2013-09-08,4.854310002073853,1.445539392918808,847.0787785904828
2013-09-09,3.236206668049235,1.0393888653522663,166.44513272158358
2013-09-10,3.810372367219261,1.864659294412327,506.8993465201595
2013-09-11,3.9669630124474495,1.0875091684816183,345.18371818101457
2013-09-12,2.818631614107398,1.1826842495844927,113.55999994798225
2013-09-13,5.5328694647293375,2.244492303499001,1546.858373390566
2013-09-14,2.5576472053937507,1.0756809224873576,82.40106234486385
2013-09-15,2.505450323651021,0.8260225102393189,38.94867200389801
2013-09-16,4.071356775932909,1.819125877721775,619.0158581494148
2013-09-17,3.653781721991072,1.1030828848743344,276.719116605854
2013-09-18,2.818631614107398,0.5541127451520401,46.73840640467762
2013-09-19,3.653781721991072,1.039388865352266,268.92938220507443
2013-09-20,4.6455224751029345,1.0756809224873576,640.8549463425832
2013-09-21,4.280144302903827,1.6485996673635563,629.7791958780919
2013-09-22,4.175750539418368,0.7073634172824563,374.6996477522771
2013-09-23,2.505450323651021,0.6398342851498654,23.36920320233881
2013-09-24,2.348859678422832,1.065056652995128,38.94867200389801
2013-09-25,2.7142378506219393,1.4621609534939963,157.0123902889481
2013-09-26,2.7664347323646687,1.1069420787672042,105.77026554720265
2013-09-27,2.5576472053937507,1.3049674313717206,85.68707840857563
2013-09-28,2.60984408713648,1.2752175356996638,101.26654721013483
2013-09-29,4.123553657675639,0.6890401001256657,352.97345258179416
2013-09-30,2.4010565601655616,0.7310804767469983,23.36920320233881
2013-10-01,4.2279474211610975,1.3222811889946262,522.6350216896259
2013-10-02,3.5493879585056125,1.6382201329064796,376.22976276144755
2013-10-03,2.818631614107398,1.2929297386880936,122.99274238061776
2013-10-04,2.9230253775928574,1.63822013290648,223.83398383225273
2013-10-05,2.7664347323646687,1.5221766867288322,166.44513272158358
2013-10-06,3.9669630124474495,1.2064830983069788,403.5907518519107
2013-10-07,5.21968817427296,2.2671772490433035,1333.2757948380463
2013-10-08,2.087875269709184,0.7980135597807394,15.579468801559205
2013-10-09,2.5576472053937507,0.6890401001256657,31.15893760311841
2013-10-10,2.60984408713648,0.9715279594195206,62.31787520623682
2013-10-11,2.5576472053937507,0.5816473348144684,23.36920320233881
2013-10-12,2.9752222593355877,0.9641844833135227,101.26654721013483
2013-10-13,3.4449941950201537,0.9946628181258187,191.45734395577827
2013-10-14,2.505450323651021,1.1681722368059135,76.25433597594014
2013-10-15,2.60984408713648,1.039388865352266,70.10760960701643
2013-10-16,4.697719356845664,2.284665376762821,1055.651388694651
2013-10-17,2.7664347323646687,2.1847996110261927,357.8328969998982
2013-10-18,3.7581754854765315,2.1220902518473697,550.1955304932181
2013-10-19,2.7142378506219393,1.552687968940089,157.1685966568553
2013-10-20,4.541128711617476,1.9128263035494961,854.0874811517263
2013-10-21,6.47241333609847,1.758736227042976,2172.845303093662
2013-10-22,5.010900647302042,0.3694084967680266,722.474976847911
2013-10-23,4.384538066389287,0.6398342851498653,447.66796766450545
2013-10-24,4.958703765559312,0.6890401001256659,728.7779095847419
2013-10-25,4.906506883816582,0.8985565861143329,735.23704868948
2013-10-26,6.994382153525766,2.5302909072496753,3242.7136166239297
2013-10-27,4.332341184646557,0.9759075216313445,482.0000283086502
2013-10-28,4.749916238588393,0.519694432676133,599.7513338578858
2013-10-29,3.4449941950201537,0.8464211993996663,182.0246015231428
2013-10-30,2.1922690331946435,0.7615551255876071,15.579468801559205
2013-10-31,8.351501078836735,3.0162077457674465,5519.853748276166
2013-11-01,9.656423122404975,1.4533849832009915,6658.423814102285
2013-11-02,5.010900647302042,1.0448450123704023,821.1236468111847
2013-11-03,3.7581754854765315,0.9773630146424065,284.6650573745409
2013-11-04,6.002641400413904,1.4766716724229356,1621.4697013346502
2013-11-05,5.010900647302042,1.10822549030408,838.7394807331979
2013-11-06,4.123553657675639,2.2003592113749084,740.6027432188677
2013-11-07,3.1318129045637764,1.3822000306691447,216.04424943147313
2013-11-08,2.4010565601655616,1.689480245731107,170.9488510586514
2013-11-09,3.5493879585056125,1.758736227042977,405.58948596480286
2013-11-10,4.958703765559312,0.44927829305716654,700.748781677428
2013-11-11,4.384538066389286,1.6102143062970997,626.1374537333438
2013-11-12,5.0630975290447715,0.6890401001256655,790.0023402156281
2013-11-13,2.1400721514519137,1.7514469366169896,141.43292148738888
2013-11-14,3.7581754854765315,1.477633987072107,385.35009245826865
2013-11-15,2.087875269709184,1.4147268345649133,104.12725751534676
2013-11-16,4.071356775932909,1.5781137899690696,509.5605371122424
2013-11-17,4.436734948132016,2.7884632622642336,1226.4873467306168
2013-11-18,8.038319788380358,3.483360855503739,5696.450903286176
2013-11-19,5.010900647302042,0.0,708.3823097103004
2013-11-20,5.010900647302042,0.0,708.3823097103004
2013-11-21,4.958703765559312,0.2557114528681653,686.6561145398175
2013-11-22,5.0630975290447715,0.2557114528681653,744.2011720183939
2013-11-23,5.16749129253023,0.7671343586044961,872.2095651850229
2013-11-24,5.27188505601569,0.8242998336817781,943.8472898012099
2013-11-25,4.958703765559312,0.8646973658743353,760.4864106443656
2013-11-26,4.697719356845664,0.761555125587607,605.8980602268095
2013-11-27,5.010900647302042,0.0,708.3823097103004
2013-11-28,4.802113120331123,0.7980135597807396,657.140184968555
2013-11-29,4.541128711617476,1.0966207151204974,590.3185914252504
2013-11-30,3.7581754854765315,1.8470424838401336,472.2548731402003
2013-12-01,3.392797313277424,2.169128401362629,428.80248279923444
2013-12-02,2.1400721514519137,2.1691284013626295,236.12743657010014
2013-12-03,3.236206668049235,1.9864653534836565,383.70708442641273
2013-12-04,3.6537817219910718,2.119409151279809,480.0446075409799
2013-12-05,5.0630975290447715,1.075680922487358,857.3734972154382
2013-12-06,4.697719356845664,0.846421199399666,619.8345209965129
2013-12-07,3.0796160228210465,1.5221766867288322,223.83398383225273
2013-12-08,2.870828495850128,2.072614317509352,302.9490301134048
2013-12-09,3.653781721991072,1.8065800323176608,482.51196075759367
2013-12-10,5.480672582986608,1.1571687994047384,1161.1092415060389
2013-12-11,3.1318129045637764,1.8836211335071449,310.89497088209157
2013-12-12,3.8625692489619907,1.6894802457311069,458.31841237049696
2013-12-13,4.906506883816582,0.5114229057363308,678.8663801390379
2013-12-14,5.27188505601569,0.637608767849832,905.0924551727809
2013-12-15,5.010900647302042,1.168172236805914,866.7686086405117
2013-12-16,4.280144302903827,1.4737809583834283,546.8662010842845
2013-12-17,3.705978603733802,1.6303921182745573,399.2865532279719
2013-12-18,3.5493879585056125,1.8346875459549485,419.5259467345062
2013-12-19,3.8625692489619907,2.1194091512798092,597.3272939864938
2013-12-20,3.8625692489619907,1.7293947317486706,472.2548731402003
2013-12-21,4.019159894190179,1.6920024868653172,509.5605371122424
2013-12-22,3.7581754854765315,2.422373507911149,720.050936976519
2013-12-23,3.288403549791965,1.948170194062942,361.9808892559298
2013-12-24,3.288403549791965,1.9128263035494957,348.0444284862265
2013-12-25,3.236206668049235,2.054013114748728,369.7706236567094
2013-12-26,2.870828495850128,1.7120466507372467,236.28364293800735
2013-12-27,3.9669630124474495,1.6793533997775867,480.0446075409799
2013-12-28,3.6015848402483424,1.7836157759885904,413.37922036558246
2013-12-29,3.0796160228210465,2.022630997715139,360.49408759198116
2013-12-30,3.8625692489619907,1.6894802457311069,478.87021861284563
2013-12-31,3.0796160228210465,1.731858843278756,281.5352476787363
2014-01-01,3.497191076762883,2.089009676350725,456.8316107065483
2014-01-02,4.332341184646556,2.121420294371527,822.5351864600098
2014-01-03,3.705978603733802,1.9713807842960012,530.6619068110964
2014-01-04,3.91476613070472,2.0338445611074296,606.8786117794747
2014-01-05,4.2279474211610975,1.5146874571035096,539.0764666835049
2014-01-06,3.91476613070472,1.8949071609998789,526.0019821061214
2014-01-07,4.541128711617476,0.8906116327435608,554.6559354850641
2014-01-08,2.6620409688792095,1.705391439343635,186.52831986021062
2014-01-09,3.7581754854765315,1.9547260292848119,480.0446075409799
2014-01-10,2.870828495850128,1.9364605751750033,281.22283494292185
2014-01-11,3.705978603733802,2.2914991973674455,744.9878861955901
2014-01-12,2.60984408713648,1.986465353483656,288.2315375041654
2014-01-13,3.653781721991072,1.806580032317661,451.39065416203715
2014-01-14,2.975222259335587,1.9481701940629417,358.30151610361986
2014-01-15,4.332341184646557,2.3063390666330603,951.9927502830259
2014-01-16,4.123553657675639,2.751514748056181,1005.8584346092923
2014-01-17,4.854310002073853,0.8514445147136394,692.9590472766484
2014-01-18,5.0630975290447715,0.2557114528681657,744.2011720183939
2014-01-19,4.384538066389287,1.9547260292848119,770.5872918938518
2014-01-20,3.392797313277424,2.572079887246852,664.2298318825822
2014-01-21,3.0796160228210465,1.692002486865317,253.34991340351525
2014-01-22,3.4449941950201537,2.0650562755982973,455.34480904259965
2014-01-23,2.818631614107398,1.5781137899690694,200.46478062991392
2014-01-24,4.802113120331123,3.127270751477974,1755.587189862641
2014-01-25,3.7581754854765315,2.154003174201479,649.5499702809044
2014-01-26,3.6015848402483424,1.8214686035833267,413.37922036558246
2014-01-27,7.203169680496685,2.8434857606380723,3549.503908595211
2014-01-28,5.115294410787501,1.563635375738987,1033.2194236997555
2014-01-29,5.950444518671174,1.7812232654871216,1765.332345031091
2014-01-30,5.27188505601569,2.1847996110261922,1395.51840802916
2014-01-31,1.5137095705391586,1.5221766867288324,60.67486717438093
2014-02-01,0.3653781721991072,0.6890401001256657,0.0
2014-02-02,1.7224970975100768,1.3222811889946267,23.36920320233881
2014-02-03,0.6263625809127552,1.22518937814876,15.579468801559205
2014-02-04,0.521968817427296,0.81911006645324,0.0
2014-02-05,6.054838282156634,2.297075383191413,2059.2043587928965
2014-02-06,2.6620409688792095,2.195184932111265,339.629868613818
2014-02-07,5.115294410787501,1.5636353757389867,1026.17309013095
2014-02-08,3.027419141078317,1.2752175356996636,158.65539832080398
2014-02-09,1.9312846244809954,1.9886109512505765,163.315323025779
2014-02-10,3.288403549791965,1.3729130271992676,219.3302654951849
2014-02-11,2.2966627966801023,1.5081038728837235,97.98053114642305
2014-02-12,1.0961345165973218,1.4455393929188083,23.36920320233881
2014-02-13,1.409315807053699,1.4919942271887279,37.30566397204212
2014-02-14,2.6620409688792095,2.3161794913404257,331.13436438862584
2014-02-15,3.91476613070472,1.5370456764354474,443.20756267265944
2014-02-16,1.3571189253109697,1.689480245731107,60.67486717438093
2014-02-17,2.7142378506219393,2.1434183279616486,325.6934078441147
2014-02-18,5.27188505601569,1.9539986893417582,1282.033670096301
2014-02-19,4.123553657675639,1.7120466507372467,599.8322782106695
2014-02-20,3.4449941950201537,1.9634330925536199,448.573257202047
2014-02-21,7.203169680496685,3.2677517321784606,4027.911190441995
2014-02-22,7.672941616181252,1.744942004443405,3525.1541538402075
2014-02-23,5.324081937758419,1.5781137899690691,1180.3304524523462
2014-02-24,6.159232045642093,1.880600087242821,1940.1600889551812
2014-02-25,4.541128711617476,1.9481701940629417,868.7673427534039
2014-02-26,6.0026414004139035,2.276562595843444,1985.2178563204411
2014-02-27,7.672941616181252,2.1638794441197335,3814.0538301612237
2014-02-28,1.826890860995536,1.7708183674581772,97.98053114642305
2014-03-01,1.7746939792528067,1.4737809583834283,38.94867200389801
2014-03-02,3.3406004315346944,1.2617702263030384,238.08285733777046
2014-03-03,2.7664347323646687,1.6093312712395764,192.83125259704153
2014-03-04,1.826890860995536,1.1669547562908653,15.579468801559205
2014-03-05,2.453253441908291,2.1052773562239175,264.3127708453212
2014-03-06,3.7581754854765315,1.3319212766891935,365.97267514405416
2014-03-07,1.5137095705391586,1.9886109512505765,119.70672631690596
2014-03-08,3.4449941950201537,1.1826842495844927,245.87259173855008
2014-03-09,3.810372367219261,1.8646592944123268,523.028378778224
2014-03-10,5.480672582986608,2.417086400462639,1655.6455556108879
2014-03-11,2.453253441908291,1.6717180075647362,135.28619511846517
2014-03-12,6.733397744812119,2.6590356155307804,2979.338083986051
2014-03-13,3.91476613070472,1.4455393929188083,445.4001341610207
2014-03-14,6.629003981326659,3.494361613119158,3791.8668435807376
2014-03-15,6.57680709958393,2.0317467322241467,2427.687700498786
2014-03-16,5.898247636928445,1.6717180075647362,1605.8902325330907
2014-03-17,4.175750539418368,0.9538086372867224,416.6652364292942
2014-03-18,2.6620409688792095,0.9989409575168952,62.31787520623682
2014-03-19,3.9669630124474495,2.2061657697486687,685.4064635965597
2014-03-20,7.359760325724873,1.9305791323571881,3246.823977872399
2014-03-21,2.60984408713648,1.6066792541595896,163.315323025779
2014-03-22,4.6455224751029345,2.137441317115766,990.7852159190164
2014-03-23,5.585066346472067,1.651184356174078,1376.8843915469195
2014-03-24,2.818631614107398,2.1619077995698963,337.4372971254568
2014-03-25,4.280144302903827,1.9864653534836565,767.7698949338617
2014-03-26,3.0796160228210465,1.8089390061612518,301.7746411852705
2014-03-27,4.280144302903827,1.6485996673635563,639.6052953993254
2014-03-28,6.5246102178412,3.0232687177691338,2999.302695764333
2014-03-29,4.958703765559313,2.321084059016403,1302.8602580669024
2014-03-30,4.071356775932909,1.6207732017697463,532.4611212108596
2014-03-31,1.3571189253109697,1.7684085432061416,68.46460157516053
2014-04-01,5.5328694647293375,4.507944220897207,3585.834703352248
2014-04-02,3.497191076762883,1.6920024868653172,390.8719933555634
2014-04-03,5.376278819501149,1.7514469366169896,1272.2075705750674
2014-04-04,4.593325593360205,2.4410793726313043,1162.3645747869568
2014-04-05,8.142713551865818,2.2164509806081596,4464.07810188351
2014-04-06,1.409315807053699,1.3478348791714994,23.36920320233881
2014-04-07,2.818631614107398,1.8926553394545576,265.79957250926986
2014-04-08,4.436734948132016,1.330853604151528,613.2191755238675
2014-04-09,3.1840097863065058,1.7708183674581768,283.02204934268497
2014-04-10,6.57680709958393,3.350231623797522,3572.9916871578953
2014-04-11,2.818631614107398,2.130113305990256,339.47366224591076
2014-04-12,2.9230253775928574,3.2345224594167954,867.3614854422389
2014-04-13,4.906506883816582,3.066683893062256,1643.7078289540764
2014-04-14,6.994382153525766,3.3229658062911858,3562.861002594566
2014-04-15,5.689460109957526,1.882866326370644,1547.9141869583548
2014-04-16,2.0356783879664544,2.1480556161193127,230.686480025589
2014-04-17,4.019159894190179,1.8462727224048099,596.1529050583596
2014-04-18,1.6181033340246176,1.671718007564736,68.46460157516053
2014-04-19,4.019159894190179,1.8462727224048099,571.8031503033557
2014-04-20,1.8790877427382657,1.4307129559300835,46.73840640467762
2014-04-21,2.4010565601655616,2.42002510841783,347.4196030145976
2014-04-22,6.47241333609847,3.358706799555174,3338.3886832593057
2014-04-23,5.376278819501149,1.7120466507372467,1261.7942765897667
2014-04-24,1.8268908609955359,1.7318588432787558,96.33752311456715
2014-04-25,4.123553657675639,1.9008989772533125,663.6802684260767
2014-04-26,4.123553657675639,3.011963217089348,1236.9006407159177
2014-04-27,3.653781721991072,1.8806000872428212,469.5936825481174
2014-04-28,6.733397744812119,3.1085785363836327,3401.538731344019
2014-04-29,6.942185271783036,1.4766716724229363,2526.9235649261273
2014-04-30,3.7581754854765315,1.1082254903040802,312.5379789139475
2014-05-01,5.115294410787501,1.6894802457311064,1079.0205918969898
2014-05-02,6.3680195726130115,0.5114229057363311,1692.5202314867697
2014-05-03,5.585066346472067,1.6093312712395769,1363.1041371451236
2014-05-04,4.384538066389287,3.675568134446279,1872.9884516685006
2014-05-05,1.7746939792528063,0.7310804767469984,7.7897344007796026
2014-05-06,2.7664347323646687,1.8089390061612518,242.5865756748383
2014-05-07,4.175750539418368,1.5081038728837237,554.1873163813425
2014-05-08,3.91476613070472,1.4455393929188083,445.2439277931134
2014-05-09,4.541128711617476,2.116052998499165,915.7428998787724
2014-05-10,5.16749129253023,2.067120300376997,1308.613627347228
2014-05-11,2.870828495850128,1.5444264904368132,214.55744776752445
2014-05-12,2.6620409688792095,0.9989409575168952,76.25433597594014
2014-05-13,4.436734948132016,2.688805834391847,1193.173468646699
2014-05-14,2.975222259335587,1.4217428803190364,200.62098699782112
2014-05-15,4.019159894190179,2.246391465285832,776.2653991590539
2014-05-16,3.4449941950201537,1.4891332576776712,317.1979036189225
2014-05-17,2.6620409688792095,1.127301340180875,90.19079674564344
2014-05-18,3.288403549791965,1.1571687994047384,208.41072139860074
2014-05-19,3.027419141078317,1.4267332181627939,214.71365413543165
2014-05-20,2.870828495850128,1.453384983200991,178.89479182733822
2014-05-21,2.4532534419082914,1.3049674313717203,111.91699191612636
2014-05-22,4.958703765559313,1.864659294412327,1045.8252891734173
2014-05-23,4.071356775932909,1.5781137899690691,542.2872207320931
2014-05-24,1.7746939792528063,0.81911006645324,15.579468801559205
2014-05-25,1.8790877427382657,1.3319212766891932,60.67486717438093
2014-05-26,3.3406004315346944,1.5526879689400892,303.105236481312
2014-05-27,2.4532534419082914,1.7120466507372467,143.07592951924477
2014-05-28,1.5659064522818882,1.4891332576776712,45.09539837282172
2014-05-29,2.4532534419082914,1.4056547484747925,91.83380477749934
2014-05-30,1.3571189253109697,1.3276454349111197,15.579468801559205
2014-05-31,2.244465914937373,1.3811712251446326,62.31787520623682
2014-06-01,2.4532534419082914,1.7899801700771578,157.0123902889481
2014-06-02,4.488931829874746,3.066683893062256,1531.0850672135375
2014-06-03,6.315822690870282,2.7762017301080775,2670.748577615007
2014-06-04,1.826890860995536,0.9032900161588305,15.579468801559205
2014-06-05,3.027419141078317,1.4737809583834283,216.04424943147313
2014-06-06,1.9312846244809954,1.2240286110685017,52.88513277360133
2014-06-07,1.6181033340246176,1.251589932628292,45.09539837282172
2014-06-08,3.027419141078317,1.6066792541595898,254.0556832279278
2014-06-09,2.7142378506219393,1.1485376915957064,112.07319828403358
2014-06-10,2.60984408713648,1.2752175356996636,119.86293268481319
2014-06-11,3.497191076762883,1.278557264340827,275.07610857399817
2014-06-12,2.7664347323646687,0.6376087678498318,46.73840640467762
2014-06-13,4.071356775932909,1.6623382354561198,556.8108759658635
2014-06-14,2.9230253775928574,1.2064830983069785,143.07592951924477
2014-06-15,3.3406004315346944,1.4147268345649133,279.8922396468804
2014-06-16,3.236206668049235,0.7310804767469983,122.99274238061776
2014-06-17,4.593325593360205,3.1706068233097646,1607.420347542261
2014-06-18,2.348859678422832,2.0671203003769967,294.53447024099626
2014-06-19,3.288403549791965,1.2696317990994987,217.68725746332902
2014-06-20,2.870828495850128,1.075680922487358,107.41327357905854
2014-06-21,1.9312846244809954,0.8242998336817782,15.579468801559205
2014-06-22,1.7224970975100768,0.8103866008848729,15.579468801559205
2014-06-23,2.244465914937373,1.278557264340827,90.19079674564344
2014-06-24,3.601584840248343,0.42321059969983305,163.58442241637167
2014-06-25,3.027419141078317,1.426733218162794,208.2545150306935
2014-06-26,2.348859678422832,0.8514445147136396,31.15893760311841
2014-06-27,1.7224970975100768,0.6195168826794891,0.0
2014-06-28,2.5576472053937507,1.0102607631294211,62.31787520623682
2014-06-29,4.019159894190179,1.6093312712395769,524.67138681008
2014-06-30,4.332341184646557,1.5663602724485761,637.2941485506188
2014-07-01,6.733397744812119,1.5590832980283988,2337.846947496519
2014-07-02,4.854310002073853,2.2564933328368526,1177.1630117489801
2014-07-03,3.6537817219910718,1.7293947317486702,446.22447934577855
2014-07-04,2.975222259335587,1.3222811889946267,172.59185909050728
2014-07-05,3.236206668049235,1.426733218162794,251.86311173956656
2014-07-06,3.7581754854765315,2.154003174201479,642.5036367120993
2014-07-07,6.159232045642093,1.2205396863156521,1669.0324529240854
2014-07-08,4.384538066389287,3.3451362115348724,1833.4902162080973
2014-07-09,3.236206668049235,2.119409151279809,575.5258368008874
2014-07-10,2.244465914937373,0.9759075216313446,38.94867200389801
2014-07-11,1.9834815062237248,1.1030828848743344,52.88513277360133
2014-07-12,2.7142378506219393,1.679353399777587,228.65011490513496
2014-07-13,5.21968817427296,1.261770226303038,995.7951843673677
2014-07-14,2.6620409688792095,1.6649015958614917,186.68452622811782
2014-07-15,4.697719356845664,3.029374914207019,1573.5192749942762
2014-07-16,3.7581754854765315,1.3319212766891935,365.97267514405416
2014-07-17,3.288403549791965,1.6022494711110133,309.4081692181429
2014-07-18,1.7746939792528063,0.7310804767469983,7.7897344007796026
2014-07-19,2.4010565601655616,1.2205396863156521,96.33752311456715
2014-07-20,1.5137095705391586,1.1069420787672044,15.579468801559205
2014-07-21,2.244465914937373,1.0434836502126166,46.73840640467762
2014-07-22,3.288403549791965,2.116052998499165,481.61235355771225
2014-07-23,5.376278819501149,1.630392118274557,1215.8369020246253
2014-07-24,3.91476613070472,0.8514445147136392,308.03426057687966
2014-07-25,2.7142378506219393,1.6793533997775867,200.62098699782115
2014-07-26,3.392797313277424,1.7514469366169898,384.8814733545469
2014-07-27,4.2279474211610975,3.5396293455724543,2092.8817906515696
2014-07-28,6.5246102178412,2.4774938375673785,2588.5413526456114
2014-07-29,3.392797313277424,0.8646973658743352,174.23486712236317
2014-07-30,2.2966627966801023,1.7971131722286657,300.3687838741056
2014-07-31,3.3406004315346944,1.8715076886741886,425.2040539997082
2014-08-01,2.1400721514519137,1.3049674313717203,96.49372948247436
2014-08-02,1.2005282800827808,0.44927829305716654,0.0
2014-08-03,1.6181033340246176,0.864697365874335,29.515929571262518
2014-08-04,2.4532534419082914,1.251589932628292,97.98053114642305
2014-08-05,1.6703002157673472,0.9538086372867224,7.7897344007796026
2014-08-06,3.0796160228210465,1.3811712251446324,214.55744776752445
2014-08-07,2.1400721514519137,1.4056547484747925,104.12725751534676
2014-08-08,2.7664347323646687,0.9759075216313445,84.04407037671973
2014-08-09,3.236206668049235,0.6308851131515192,109.05628161091444
2014-08-10,3.288403549791965,0.6195168826794892,116.84601601169403
2014-08-11,4.436734948132016,1.0434836502126168,539.857498523041
2014-08-12,4.019159894190179,1.166954756290865,407.388700364566
2014-08-13,6.211428927384823,0.6890401001256656,1585.0636445624893
2014-08-14,5.5328694647293375,1.1632946696289364,1165.0633963866014
2014-08-15,4.123553657675639,0.581647334814468,339.0369918120909
2014-08-16,4.593325593360205,1.5081038728837235,730.9328500655412
2014-08-17,2.453253441908291,1.356245786878366,125.85345268582968
2014-08-18,2.453253441908291,0.8646973658743352,38.94867200389801
2014-08-19,3.653781721991072,1.0393888653522656,262.78265583615075
2014-08-20,3.027419141078317,0.7310804767469983,85.68707840857563
2014-08-21,2.1922690331946435,0.9946628181258186,38.94867200389801
2014-08-22,1.4615126887964287,0.47690431864336125,0.0
2014-08-23,2.505450323651021,0.0,0.0
2014-08-24,3.3406004315346944,0.6032415491534896,124.63575041247364
2014-08-25,3.288403549791965,0.890611632743561,158.65539832080398
2014-08-26,3.027419141078317,0.6308851131515194,77.89734400779602
2014-08-27,3.0796160228210465,0.8242998336817782,113.55999994798225
2014-08-28,3.027419141078317,0.6308851131515192,77.89734400779602
2014-08-29,3.7581754854765315,1.0448450123704018,298.44531177633695
2014-08-30,6.002641400413904,1.2785572643408276,1565.0990327842078
2014-08-31,4.593325593360205,1.9778596869393545,917.3482769030666
2014-09-01,4.175750539418368,1.9076172745734448,707.8384285914552
2014-09-02,3.9669630124474495,0.8793681135214885,329.7604557473626
2014-09-03,1.6181033340246176,0.5816473348144683,0.0
2014-09-04,4.436734948132016,1.1069420787672044,553.7939592927444
2014-09-05,5.27188505601569,0.5196944326761329,887.4766212507676
2014-09-06,4.123553657675639,0.9403000436214106,394.7828348909041
2014-09-07,2.2966627966801023,1.0228458114726615,46.73840640467762
2014-09-08,3.236206668049235,0.9715279594195205,158.65539832080398
2014-09-09,3.5493879585056134,0.4769043186433612,155.79468801559204
2014-09-10,6.315822690870282,3.7395958833192244,3653.5559040954345
2014-09-11,6.889988390040307,2.0233336661392243,2723.633710388608
2014-09-12,3.497191076762883,0.7368904791917142,175.87787515421908
2014-09-13,4.854310002073853,2.286531171583187,1205.5045523921083
2014-09-14,1.9312846244809954,1.1069420787672044,31.15893760311841
2014-09-15,3.1840097863065058,0.8242998336817783,129.13946874954146
2014-09-16,2.818631614107398,0.6659606383445967,54.52814080545722
2014-09-17,1.9312846244809954,0.6376087678498318,0.0
2014-09-18,2.818631614107398,1.123512081257172,107.41327357905854
2014-09-19,2.348859678422832,0.9281273614759766,38.94867200389801
2014-09-20,5.846050755185715,1.4147268345649133,1475.2582797819407
2014-09-21,7.3075634439821435,1.4147268345649127,2904.489605321276
2014-09-22,6.315822690870282,1.6303921182745567,1959.6937126373027
2014-09-23,2.1400721514519137,0.5816473348144683,0.0
2014-09-24,2.7142378506219393,0.6032415491534895,38.94867200389801
2014-09-25,3.1318129045637764,0.6398342851498658,93.47681280935524
2014-09-26,1.5659064522818882,0.55411274515204,0.0
2014-09-27,1.409315807053699,0.423210599699833,0.0
2014-09-28,1.2527251618255104,0.0,0.0
2014-09-29,0.6263625809127552,0.6398342851498655,0.0
2014-09-30,4.488931829874746,1.378080200251331,639.0557319428201
2014-10-01,1.8790877427382657,1.2251893781487597,74.61132794408424
2014-10-02,3.3406004315346944,1.4147268345649129,279.8922396468804
2014-10-03,8.142713551865818,1.5231102511752135,4058.9139216772064
2014-10-04,7.77733537966671,1.0434836502126155,3350.170203548209
2014-10-05,7.88172914315217,0.689040100125665,3393.6225938891753
2014-10-06,6.420216454355741,1.242470758827919,1911.5437665838003
2014-10-07,5.741656991700256,0.8985565861143326,1259.1707170052457
2014-10-08,6.994382153525766,2.6617072083030564,3337.8391198028007
2014-10-09,4.6455224751029345,1.499596794768033,770.743498261759
2014-10-10,2.7664347323646687,0.9759075216313445,77.89734400779602
2014-10-11,3.1840097863065058,0.9759075216313446,150.86566392002436
2014-10-12,4.2279474211610975,1.214702542929839,494.6058937823121
2014-10-13,5.428475701243879,0.6032415491534892,994.933208175048
2014-10-14,8.508091724064924,0.9032900161588302,4358.970292815497
2014-10-15,3.601584840248343,1.4919942271887279,364.4858734801055
2014-10-16,1.6703002157673472,1.087509168481618,23.36920320233881
2014-10-17,5.5328694647293375,1.768408543206142,1376.2971970828526
2014-10-18,8.560288605807655,0.4769043186433605,4341.94165335755
2014-10-19,4.488931829874746,1.1030828848743337,575.36394809532
2014-10-20,5.115294410787501,0.7310804767469983,822.298035739319
2014-10-21,6.785594626554848,2.1828468625850572,2725.982488244876
2014-10-22,5.585066346472067,1.330853604151528,1278.5481343194601
2014-10-23,2.7664347323646687,1.043483650212617,97.98053114642305
2014-10-24,1.5137095705391586,1.1669547562908653,15.579468801559205
2014-10-25,5.585066346472067,1.8462727224048097,1461.7528071083973
2014-10-26,6.47241333609847,1.3656461397278745,1996.6869638735304
2014-10-27,3.1840097863065058,1.7708183674581768,331.13436438862584
2014-10-28,6.054838282156634,1.1485376915957062,1558.6398936794697
2014-10-29,5.846050755185715,0.6032415491534893,1281.4841066397955
2014-10-30,3.5493879585056125,1.2064830983069792,281.3790413108291
2014-10-31,3.705978603733802,2.5720798872468524,949.5687104116339
2014-11-01,10.961345165973215,1.2929297386880918,9639.610108170982
2014-11-02,5.27188505601569,1.8089390061612514,1232.4345533864114
2014-11-03,5.689460109957526,0.6376087678498316,1174.0275197155152
2014-11-04,7.150972798753955,1.4533849832009913,2737.1391830621506
2014-11-05,6.420216454355741,1.0650566529951278,1848.126764464553
2014-11-06,2.0356783879664544,0.8103866008848729,15.579468801559205
2014-11-07,7.046579035268496,2.3014030758134894,3042.1678916412316
2014-11-08,6.159232045642093,2.182846862585057,2063.158513673459
2014-11-09,5.846050755185715,1.7195029743588557,1609.1386175892405
2014-11-10,5.010900647302042,1.732679435053435,1031.888828403714
2014-11-11,7.255366562239414,1.3811712251446333,2847.531742306767
2014-11-12,7.933926024894899,1.3147344756524904,3672.539964321051
2014-11-13,4.436734948132016,0.8242998336817782,497.57949711020945
2014-11-14,5.637263228214796,0.6398342851498654,1138.2086574074217
2014-11-15,4.332341184646557,0.8242998336817782,453.81469403342913
2014-11-16,3.91476613070472,0.6723336126262902,280.00513266956585
2014-11-17,4.488931829874746,1.8439615100791267,825.0401706841855
2014-11-18,10.33498258506046,0.846421199399666,7870.980382400859
2014-11-19,9.447635595434058,1.3308536041515284,6194.540187489271
2014-11-20,9.03006054149222,0.8242998336817783,5210.402265712801
2014-11-21,5.480672582986608,1.5146874571035098,1263.2810782537154
2014-11-22,7.464154089210333,0.8646973658743347,2899.2048551446724
2014-11-23,6.3680195726130115,0.8191100664532401,1745.3677332528093
2014-11-24,11.431117101657783,2.2564933328368526,11672.032206748736
2014-11-25,10.282785703317732,2.215809553599905,8634.920380152163
2014-11-26,2.7142378506219393,0.7073634172824563,52.88513277360133
2014-11-27,4.906506883816582,1.1030828848743341,777.5150501023116
2014-11-28,4.6455224751029345,1.2515899326282922,682.6643286516932
2014-11-29,7.255366562239414,1.3811712251446322,2833.4390751691562
2014-11-30,8.090516670123089,0.7368904791917135,3691.917381635265
2014-12-01,5.950444518671174,0.5541127451520398,1353.1218312559824
2014-12-02,4.384538066389287,0.6398342851498655,447.66796766450545
2014-12-03,6.47241333609847,1.9778596869393545,2285.586640194547
2014-12-04,3.653781721991072,2.0540131147487286,573.4894716804333
2014-12-05,2.087875269709184,0.8793681135214884,23.36920320233881
2014-12-06,4.906506883816582,2.63594814540196,1409.5734441592083
2014-12-07,4.854310002073853,1.2962238325331152,808.7925630657755
2014-12-08,6.420216454355741,0.7671343586044964,1781.1865955609028
2014-12-09,4.436734948132016,2.246391465285832,952.4237383791856
2014-12-10,7.88172914315217,0.5816473348144677,3372.4835931827597
2014-12-11,7.568547852695793,0.2557114528681651,2925.0414115636254
2014-12-12,5.376278819501149,1.5444264904368135,1191.6433536375287
2014-12-13,4.175750539418368,0.6032415491534895,360.76318698257376
2014-12-14,3.91476613070472,1.6649015958614923,492.80667938254896
2014-12-15,2.1922690331946435,0.9946628181258187,38.94867200389801
2014-12-16,3.5493879585056125,0.9538086372867222,225.4769918641086
2014-12-17,7.359760325724873,1.4919942271887283,2982.586469042201
2014-12-18,5.0630975290447715,1.499596794768033,983.7765133577731
2014-12-19,2.348859678422832,0.423210599699833,0.0
2014-12-20,1.2005282800827808,0.2557114528681654,0.0
2014-12-21,1.5137095705391583,0.736890479191714,0.0
2014-12-22,3.1318129045637764,0.977363014642406,130.78247678139735
2014-12-23,4.749916238588393,0.5196944326761327,599.7513338578858
2014-12-24,2.1400721514519137,0.5816473348144684,0.0
2014-12-25,7.464154089210333,1.0102607631294207,2941.482856557504
2014-12-26,5.0630975290447715,0.4492782930571659,758.2938391560044
2014-12-27,5.16749129253023,1.6234021949035695,1090.6459058179864
2014-12-28,4.906506883816583,1.4267332181627945,872.4843469132757
2014-12-29,3.8625692489619907,0.7310804767469978,272.2153982687862
2014-12-30,4.384538066389287,1.044845012370402,518.1313033525581
2014-12-31,6.5246102178412,1.6511843561740778,2191.0483314797425
2015-01-01,9.552029358919517,0.6195168826794893,6128.774407513755
2015-01-02,4.593325593360205,2.012061524582252,953.0485638508145
2015-01-03,3.653781721991072,1.2752175356996636,312.3817725460403
2015-01-04,3.4449941950201537,2.9145838782585614,949.7249167795408
2015-01-05,8.716879251035843,0.7818176878694932,4660.7882473459895
2015-01-06,4.906506883816583,1.473780958383428,886.5770140508862
2015-01-07,8.508091724064924,0.9032900161588302,4362.493459599899
2015-01-08,7.568547852695793,1.6717180075647362,3358.390926045149
2015-01-09,9.03006054149222,1.2240286110685024,5365.421604226517
2015-01-10,6.8377915082975775,0.6376087678498321,2155.8166636357164
2015-01-11,5.21968817427296,0.6032415491534888,869.2735928646874
2015-01-12,4.749916238588393,1.4766716724229365,807.1495550339197
2015-01-13,4.019159894190179,1.8828663263706442,642.5036367120993
2015-01-14,1.6703002157673472,0.6032415491534895,0.0
2015-01-15,4.2279474211610975,1.3222811889946262,522.6350216896259
2015-01-16,5.16749129253023,1.4919942271887279,1037.4859913161324
2015-01-17,5.898247636928445,2.6504684225308206,2165.6051321493883
2015-01-18,7.150972798753955,2.0056931056809093,3043.6546933051804
2015-01-19,3.288403549791965,0.8906116327435606,158.65539832080398
2015-01-20,1.6181033340246176,0.5816473348144683,0.0
2015-01-21,2.923025377592858,0.7980135597807395,77.89734400779602
2015-01-22,1.9312846244809954,0.6376087678498319,0.0
2015-01-23,4.071356775932909,1.0610451259236848,400.92956125982784
2015-01-24,3.9669630124474495,0.4769043186433611,273.8584063006421
2015-01-25,4.958703765559312,0.7818176878694935,743.0267830902596
2015-01-26,4.906506883816582,0.8191100664532394,721.3005879197767
2015-01-27,3.8625692489619907,1.1030828848743344,342.2101148531172
2015-01-28,2.505450323651021,1.3319212766891935,119.70672631690596
2015-01-29,4.958703765559312,1.1958322298600583,827.2703731801083
2015-01-30,8.194910433608547,1.8828663263706438,4309.645957833861
2015-01-31,3.392797313277424,1.1373443121973517,211.5405310944053
2015-02-01,4.802113120331123,1.8346875459549485,962.4436752758884
2015-02-02,9.03006054149222,2.0890096763507255,5841.049120120873
2015-02-03,4.697719356845664,0.9946628181258187,648.4884743754556
2015-02-04,4.280144302903827,0.6308851131515192,404.2155773235396
2015-02-05,4.123553657675639,1.0102607631294205,408.71929566060743
2015-02-06,6.002641400413904,1.2240286110685021,1540.4368652933895
2015-02-07,3.288403549791965,0.7212931480399112,130.78247678139735
2015-02-08,2.7142378506219393,1.0228458114726615,84.04407037671973
2015-02-09,5.27188505601569,1.106942078767204,989.4922516305369
2015-02-10,3.027419141078317,1.2205396863156517,164.8021246897277
2015-02-11,3.4449941950201537,1.4425862960798221,309.4081692181429
2015-02-12,7.568547852695793,1.6717180075647353,3358.390926045149
2015-02-13,4.280144302903827,1.563635375738987,621.7146797490597
2015-02-14,8.403697960579466,2.1374413171157665,4882.747754763356
2015-02-15,7.77733537966671,1.8089390061612518,3691.917381635265
2015-02-16,1.5137095705391586,0.6376087678498316,7.7897344007796026
2015-02-17,2.6620409688792095,1.8214686035833267,229.98071020117644
2015-02-18,3.392797313277424,1.0756809224873578,216.20045579938034
2015-02-19,5.480672582986608,0.6195168826794893,1030.7520704831413
2015-02-20,3.653781721991072,1.473780958383428,362.2933019917442
2015-02-21,4.071356775932909,2.3143375988094768,818.8181823001382
2015-02-22,2.244465914937373,1.224028611068502,82.40106234486385
2015-02-23,3.810372367219261,1.4995967947680333,419.8383594703206
2015-02-24,7.203169680496685,2.0650562755982973,3128.7978905949108
2015-02-25,4.749916238588393,2.246391465285831,1126.820494207116
2015-02-26,4.384538066389287,1.2796685702997315,573.7209400634641
2015-02-27,2.1400721514519137,1.075680922487358,52.88513277360133
2015-02-28,2.7142378506219393,0.47690431864336136,31.15893760311841
2015-03-01,2.0356783879664544,0.7212931480399112,7.7897344007796026
2015-03-02,4.2279474211610975,1.0966207151204972,466.420559507091
2015-03-03,4.123553657675639,1.9364605751750028,674.0935624113774
2015-03-04,5.376278819501149,1.0756809224873576,1047.1935154770204
2015-03-05,4.071356775932909,2.1619077995698968,771.0992243427954
2015-03-06,3.91476613070472,2.1638794441197335,719.7008932331428
2015-03-07,5.950444518671174,1.0610451259236846,1458.8168347880617
2015-03-08,2.7664347323646687,1.3811712251446324,157.0123902889481
2015-03-09,3.8625692489619907,1.3276454349111193,385.66250519408305
2015-03-10,2.818631614107398,0.9946628181258187,85.68707840857563
2015-03-11,4.019159894190179,0.6376087678498318,309.52106224082837
2015-03-12,3.705978603733802,0.25571145286816543,179.16389121793085
2015-03-13,3.4449941950201537,0.7615551255876069,168.08814075343946
2015-03-14,5.585066346472067,1.6093312712395762,1370.1504707139286
2015-03-15,5.0630975290447715,1.9008989772533127,1130.9684864631477
2015-03-16,4.019159894190179,0.8242998336817783,337.393983780235
2015-03-17,7.77733537966671,2.30633906663306,3984.184018372777
2015-03-18,4.2279474211610975,1.4217428803190364,537.9020777553707
2015-03-19,2.818631614107398,0.6659606383445964,60.67486717438093
2015-03-20,2.1922690331946435,0.8464211993996658,23.36920320233881
2015-03-21,5.480672582986608,0.9641844833135228,1090.6459058179862
2015-03-22,4.749916238588393,1.1069420787672042,698.4000038211595
2015-03-23,3.288403549791965,1.2147025429298388,203.7507966936257
2015-03-24,2.7142378506219393,0.9538086372867224,70.10760960701643
2015-03-25,7.516350970953063,2.3069553229076876,3660.7960750397087
2015-03-26,3.653781721991072,1.563635375738986,400.3047357881989
2015-03-27,6.3680195726130115,0.7310804767469985,1727.751899330796
2015-03-28,4.019159894190179,0.9759075216313451,365.57931805545604
2015-03-29,5.5328694647293375,4.095550332266201,3190.221840938926
2015-03-30,8.716879251035843,1.6303921182745567,5044.813426845877
2015-03-31,2.7664347323646687,1.278557264340827,135.28619511846517
2015-04-01,2.505450323651021,1.044845012370402,54.52814080545722
2015-04-02,6.8377915082975775,1.6920024868653172,2504.610175291577
2015-04-03,3.1318129045637764,1.6102143062970995,289.87454553602123
2015-04-04,5.5328694647293375,1.275217535699664,1207.4976041673403
2015-04-05,3.497191076762883,2.056088225345048,507.605116344572
2015-04-06,4.541128711617476,0.7212931480399111,526.9392203135648
2015-04-07,4.175750539418368,1.719502974358856,620.6588661812707
2015-04-08,4.436734948132016,1.9187621636005068,786.9911058801689
2015-04-09,3.7581754854765315,1.7326794350534345,506.58693378434504
2015-04-10,10.230588821575003,2.0120615245822524,8299.632341169845
2015-04-11,4.436734948132016,1.5221766867288318,680.1593444275175
2015-04-12,2.975222259335587,1.6852681218857575,272.1025052461008
2015-04-13,6.107035163899364,2.939352094549394,2583.843796933075
2015-04-14,2.453253441908291,1.6303921182745569,197.49117730201655
2015-04-15,3.3406004315346944,1.5526879689400892,296.8023037444811
2015-04-16,5.010900647302042,0.7388169935360531,764.7529782607426
2015-04-17,2.2966627966801023,0.8793681135214884,31.15893760311841
2015-04-18,3.4449941950201537,2.5392635981989975,682.4328602686624
2015-04-19,6.629003981326659,1.3049674313717206,2128.8057182886296
2015-04-20,10.282785703317732,0.9759075216313449,7806.976185817544
2015-04-21,8.194910433608547,1.2785572643408265,4027.7926150816497
2015-04-22,7.464154089210332,1.1958322298600588,3011.946192245556
2015-04-23,6.942185271783036,0.8242998336817784,2304.964057508761
2015-04-24,2.975222259335587,1.0966207151204974,147.7358542242198
2015-04-25,3.288403549791965,0.8103866008848729,144.71893755110068
2015-04-26,5.585066346472067,0.6376087678498314,1102.3897950993282
2015-04-27,5.27188505601569,0.5196944326761327,887.4766212507676
2015-04-28,2.9752222593355877,0.8906116327435608,105.77026554720265
2015-04-29,1.1483313983400512,0.81911006645324,0.0
2015-04-30,2.818631614107398,0.7615551255876074,62.31787520623682
2015-05-01,3.4449941950201537,0.55411274515204,140.21521921403286
2015-05-02,1.7746939792528063,0.6308851131515191,0.0
2015-05-03,3.8625692489619907,0.8985565861143326,300.08831980819286
2015-05-04,4.906506883816582,0.8985565861143329,735.3932550573873
2015-05-05,3.4449941950201537,0.9235212419200667,195.9610622928461
2015-05-06,1.7224970975100768,0.8103866008848728,15.579468801559205
2015-05-07,2.0356783879664544,0.7212931480399111,7.7897344007796026
2015-05-08,3.3406004315346944,1.2617702263030381,237.92665096986326
2015-05-09,2.348859678422832,1.62340219490357,135.28619511846517
2015-05-10,3.7581754854765315,1.2251893781487597,340.56710682126135
2015-05-11,3.810372367219261,2.676087722089362,926.5495509526711
2015-05-12,8.194910433608547,0.736890479191714,3844.5879422927123
2015-05-13,5.898247636928445,1.1958322298600583,1465.2759738927998
2015-05-14,2.1400721514519137,0.8646973658743352,23.36920320233881
2015-05-15,2.9752222593355877,0.9641844833135227,113.55999994798225
2015-05-16,1.409315807053699,0.9281273614759764,0.0
2015-05-17,2.975222259335587,1.6022494711110133,250.37631007561788
2015-05-18,5.115294410787501,0.35368170864122833,780.0200343264873
2015-05-19,5.741656991700256,0.7310804767469986,1223.9390491612191
2015-05-20,4.175750539418368,2.012061524582253,707.7198532311096
2015-05-21,2.7142378506219393,1.3147344756524921,141.43292148738888
2015-05-22,4.749916238588393,0.5196944326761328,599.7513338578858
2015-05-23,2.818631614107398,0.7615551255876067,68.46460157516053
2015-05-24,2.870828495850128,1.3049674313717203,157.0123902889481
2015-05-25,6.159232045642092,1.9165383705060843,1957.9321292451014
2015-05-26,5.950444518671174,1.1826842495844931,1487.0021690632827
2015-05-27,6.733397744812119,0.7212931480399116,2066.563105097516
2015-05-28,2.505450323651021,1.0448450123704016,68.46460157516053
2015-05-29,4.071356775932909,0.9946628181258186,387.30551322593897
2015-05-30,5.0630975290447715,1.0102607631294207,842.6936356137603
2015-05-31,8.716879251035843,0.9403000436214107,4699.543081974418
2015-06-01,4.436734948132016,1.2240286110685017,589.181833504678
2015-06-02,2.505450323651021,0.7388169935360535,31.15893760311841
2015-06-03,2.60984408713648,0.35368170864122844,15.579468801559205
2015-06-04,2.5576472053937507,0.7818176878694933,38.94867200389801
2015-06-05,2.505450323651021,1.4776339870721067,155.52558862499941
2015-06-06,5.010900647302042,1.7716209137796666,1045.8252891734173
2015-06-07,4.541128711617476,2.4170864004626393,1145.454510689356
2015-06-08,5.0630975290447715,2.072614317509351,1233.4527359466383
2015-06-09,3.392797313277424,0.6890401001256657,146.36194558295657
2015-06-10,5.741656991700256,2.835475925682202,2150.181869715736
2015-06-11,2.870828495850128,1.4533849832009902,205.28091170279617
2015-06-12,3.7581754854765315,0.9048623237302339,270.57239023693035
2015-06-13,2.6620409688792095,0.423210599699833,23.36920320233881
2015-06-14,2.5576472053937507,1.0102607631294211,62.31787520623682
2015-06-15,2.1922690331946435,1.0610451259236848,52.88513277360133
2015-06-16,3.0796160228210465,0.6376087678498321,85.68707840857563
2015-06-17,2.6620409688792095,0.7671343586044962,46.73840640467762
2015-06-18,2.505450323651021,1.3822000306691444,127.49646071768557
2015-06-19,3.8625692489619907,0.9715279594195207,314.0247805778962
2015-06-20,2.60984408713648,0.8191100664532402,46.73840640467762
2015-06-21,2.818631614107398,0.5541127451520401,46.73840640467762
2015-06-22,4.071356775932909,1.9634330925536199,683.4886738364512
2015-06-23,7.255366562239414,1.5221766867288322,2900.3792440728066
2015-06-24,2.2966627966801023,1.261770226303038,84.04407037671973
2015-06-25,2.0356783879664544,0.9641844833135227,31.15893760311841
2015-06-26,3.3406004315346944,1.4147268345649135,254.99292143537113
2015-06-27,7.77733537966671,3.1122346135500574,4762.960084093667
2015-06-28,7.098775917011225,2.1113454220372128,3014.725958197985
2015-06-29,3.288403549791965,2.1480556161193127,498.3285802798438
2015-06-30,3.1318129045637764,1.3319212766891937,208.41072139860074
2015-07-01,3.1318129045637764,1.4776339870721065,237.92665096986326
2015-07-02,3.810372367219261,1.3562457868783666,384.01949716222714
2015-07-03,2.870828495850128,1.1373443121973514,121.34973434876186
2015-07-04,1.826890860995536,1.1069420787672046,31.15893760311841
2015-07-05,1.7224970975100768,0.7212931480399112,7.7897344007796026
2015-07-06,2.4532534419082914,1.7120466507372467,164.9583310576349
2015-07-07,4.697719356845664,0.9235212419200665,634.2396008699378
2015-07-08,3.027419141078317,1.3780802002513317,180.5377998591941
2015-07-09,2.401056560165562,1.426733218162794,99.62353917827895
2015-07-10,1.7224970975100768,1.6022494711110136,82.40106234486385
2015-07-11,2.1922690331946435,1.4425862960798221,132.1563854226606
2015-07-12,1.8268908609955359,0.7368904791917141,7.7897344007796026
2015-07-13,2.818631614107398,1.5781137899690691,220.86038050435536
2015-07-14,4.2279474211610975,1.8768169410111402,689.3606184771222
2015-07-15,5.689460109957526,2.215809553599906,1751.2020468859187
2015-07-16,2.7664347323646687,1.1669547562908653,101.26654721013483
2015-07-17,4.280144302903827,1.60667925415959,619.5221082606984
2015-07-18,2.9230253775928574,1.2617702263030384,150.8656639200244
2015-07-19,4.332341184646557,1.9539986893417582,795.3680347450157
2015-07-20,3.705978603733802,1.499596794768033,390.3224298990581
2015-07-21,4.123553657675639,1.453384983200991,524.67138681008
2015-07-22,3.392797313277424,1.1373443121973517,217.68725746332902
2015-07-23,2.348859678422832,0.9281273614759765,38.94867200389801
2015-07-24,2.7142378506219393,1.365646139727875,149.22265588816848
2015-07-25,3.236206668049235,1.843961510079127,376.93553258586013
2015-07-26,2.1922690331946435,1.3944864947904256,134.34895691102184
2015-07-27,1.7746939792528063,0.9715279594195206,23.36920320233881
2015-07-28,1.8790877427382657,1.1082254903040798,65.33479187935596
2015-07-29,2.505450323651021,1.4307129559300833,141.43292148738888
2015-07-30,5.480672582986608,1.5146874571035092,1248.719792012383
2015-07-31,4.175750539418368,2.3845215932168053,918.2102530953862
2015-08-01,4.384538066389287,1.9893256362516367,831.9302978850834
2015-08-02,5.0630975290447715,3.2093747301396474,1967.0957722871447
2015-08-03,5.950444518671174,2.983988454377456,2628.4784038958933
2015-08-04,3.705978603733802,1.6717180075647358,433.7748202400239
2015-08-05,2.818631614107398,1.2390337653589787,135.28619511846517
2015-08-06,3.0796160228210465,1.1069420787672044,157.0123902889481
2015-08-07,3.1318129045637764,1.2251893781487597,180.38159349128688
2015-08-08,2.0356783879664544,0.890611632743561,23.36920320233881
2015-08-09,2.4010565601655616,0.8985565861143329,38.94867200389801
2015-08-10,2.244465914937373,1.1669547562908655,54.52814080545722
2015-08-11,3.810372367219261,1.4533849832009913,393.13982685904824
2015-08-12,3.7581754854765315,1.3319212766891935,362.2933019917443
2015-08-13,3.497191076762883,1.84627272240481,442.11411809730885
2015-08-14,3.8625692489619907,1.519372551673219,441.7207610087107
2015-08-15,2.6620409688792095,1.744942004443405,236.43984930591458
2015-08-16,2.870828495850128,1.7120466507372467,250.37631007561788
2015-08-17,3.1840097863065058,1.1069420787672046,188.87709771647906
2015-08-18,3.236206668049235,1.220539686315652,195.9610622928461
2015-08-19,3.4449941950201537,1.856254722951953,438.1599632167464
2015-08-20,5.480672582986608,2.659035615530781,1878.8980273167333
2015-08-21,3.1840097863065058,1.4297190600435947,237.92665096986326
2015-08-22,1.8790877427382657,0.9773630146424059,7.7897344007796026
2015-08-23,4.071356775932909,1.6207732017697458,556.3798878697037
2015-08-24,4.384538066389287,1.8097246474604682,742.951521075136
2015-08-25,3.288403549791965,1.214702542929839,203.7507966936257
2015-08-26,3.1318129045637764,1.22518937814876,180.3815934912869
2015-08-27,2.1400721514519137,0.7818176878694935,15.579468801559205
2015-08-28,2.0356783879664544,0.8906116327435609,15.579468801559205
2015-08-29,2.4532534419082914,1.075680922487358,62.31787520623682
2015-08-30,2.244465914937373,1.1669547562908655,74.61132794408424
2015-08-31,2.2966627966801023,1.087509168481618,60.67486717438093
2015-09-01,1.9312846244809954,0.9759075216313446,31.15893760311841
2015-09-02,3.027419141078317,1.6066792541595896,270.61570358215215
2015-09-03,3.705978603733802,2.5454139759369916,1005.2712401452253
2015-09-04,3.705978603733802,1.4533849832009906,376.22976276144755
2015-09-05,2.975222259335587,1.5146874571035094,228.49390853722775
2015-09-06,2.244465914937373,1.224028611068502,82.40106234486385
2015-09-07,3.236206668049235,1.7684085432061414,361.3560637843009
2015-09-08,3.0274191410783167,2.3629634466922895,556.30462585458
2015-09-09,3.497191076762883,1.0434836502126166,231.77992460093955
2015-09-10,2.348859678422832,0.9281273614759767,45.09539837282172
2015-09-11,3.027419141078317,1.3780802002513313,200.62098699782115
2015-09-12,5.010900647302042,1.6520450204786379,1007.3828672808025
2015-09-13,4.2279474211610975,1.4217428803190364,554.1873163813424
2015-09-14,3.497191076762883,1.7318588432787558,406.45146215712265
2015-09-15,3.5493879585056125,1.206483098306979,281.3790413108291
2015-09-16,3.497191076762883,1.1669547562908653,241.05646066566783
2015-09-17,3.5493879585056125,1.5960271195614795,378.57854061771604
2015-09-18,3.027419141078317,1.275217535699664,178.738585459431
2015-09-19,4.749916238588393,2.1847996110261922,1139.5016216959016
2015-09-20,2.453253441908291,0.9403000436214107,65.33479187935596
2015-09-21,2.818631614107398,1.2390337653589785,135.28619511846517
2015-09-22,1.826890860995536,0.736890479191714,7.7897344007796026
2015-09-23,2.2966627966801023,1.2064830983069785,54.52814080545722
2015-09-24,2.7664347323646687,1.1669547562908653,119.70672631690597
2015-09-25,3.653781721991072,1.6894802457311064,442.11411809730885
2015-09-26,4.071356775932909,1.3944864947904256,482.7057981330628
2015-09-27,3.705978603733802,1.499596794768033,390.3224298990581
2015-09-28,3.6015848402483424,1.3478348791714996,318.8409116507784
2015-09-29,3.288403549791965,2.330862234206088,583.3155712016669
2015-09-30,6.47241333609847,1.4147268345649133,2017.8259645799465
2015-10-01,6.420216454355741,1.8585506480384673,2165.2117750607895
2015-10-02,7.933926024894899,2.175018336963236,4137.597979862199
2015-10-03,8.821273014521303,1.936460575175003,5447.628829195912
2015-10-04,4.488931829874746,1.327645434911119,638.7809502145675
2015-10-05,2.244465914937373,0.736890479191714,15.579468801559205
2015-10-06,2.4010565601655616,1.426733218162794,133.7993934545165
2015-10-07,2.4532534419082914,1.4056547484747925,133.7993934545165
2015-10-08,3.1318129045637764,0.8260225102393189,109.05628161091444
2015-10-09,3.810372367219261,1.4056547484747925,398.1121642998377
2015-10-10,2.453253441908291,1.1958322298600585,90.19079674564344
2015-10-11,4.541128711617476,1.6022494711110136,744.594529106992
2015-10-12,5.5328694647293375,1.6894802457311073,1379.9765702351624
2015-10-13,5.0630975290447715,1.827701191867496,1127.7577324145595
2015-10-14,3.653781721991072,1.60667925415959,391.965437930914
2015-10-15,4.019159894190179,1.9886109512505763,672.0195662833618
2015-10-16,5.376278819501149,2.7266042564490833,1766.5876783120088
2015-10-17,5.5328694647293375,1.2752175356996636,1190.3127583414869
2015-10-18,4.175750539418368,1.7971131722286657,639.6052953993254
2015-10-19,5.428475701243879,3.7792974730808426,2562.354752483283
2015-10-20,6.054838282156634,1.871507688674189,1851.0627367848886
2015-10-21,3.497191076762883,1.330853604151528,289.3249820795159
2015-10-22,4.541128711617476,2.050549930503639,925.4504240396604
2015-10-23,3.1840097863065058,1.278557264340827,208.2545150306935
2015-10-24,6.994382153525766,1.4737809583834283,2580.3582611562338
2015-10-25,5.5328694647293375,2.086967300425233,1516.7552493552362
2015-10-26,1.9312846244809954,0.637608767849832,0.0
2015-10-27,4.332341184646557,1.0434836502126166,496.24890181416794
2015-10-28,6.263625809127553,1.523110251175214,1874.5505153475726
2015-10-29,8.090516670123089,1.381171225144633,3927.9695561902417
2015-10-30,3.1318129045637764,1.279668570299731,194.3180542609902
2015-10-31,3.288403549791965,1.3729130271992673,258.1660444763975
2015-11-01,6.994382153525766,2.0205215262588423,2862.211603908445
2015-11-02,2.818631614107398,1.2929297386880934,149.3788622560757
2015-11-03,2.4010565601655616,0.8191100664532402,31.15893760311841
2015-11-04,2.6620409688792095,1.3478348791714994,135.28619511846517
2015-11-05,2.6620409688792095,1.491994227188728,189.70144290123696
2015-11-06,6.994382153525766,2.8832011723242914,3559.4862144843523
2015-11-07,5.324081937758419,2.343634177671001,1560.5200524320167
2015-11-08,3.1318129045637764,1.1681722368059135,172.59185909050728
2015-11-09,1.9312846244809954,0.736890479191714,0.0
2015-11-10,3.0796160228210465,1.330853604151528,188.1713278920665
2015-11-11,2.453253441908291,1.3049674313717203,111.91699191612636
2015-11-12,9.03006054149222,4.730436510072775,8455.491680255756
2015-11-13,7.933926024894899,1.6793533997775867,3876.8836378164033
2015-11-14,5.21968817427296,2.0787777307045316,1330.0274097818965
2015-11-15,4.175750539418368,1.2617702263030381,490.3393261659352
2015-11-16,2.6620409688792095,1.065056652995128,90.19079674564344
2015-11-17,3.653781721991072,1.3780802002513315,334.4203804523376
2015-11-18,5.5328694647293375,2.1828468625850572,1594.264918612094
2015-11-19,8.612485487550384,2.3454530636084803,5381.863049220396
2015-11-20,7.098775917011225,1.8346875459549485,2856.339659267773
2015-11-21,3.392797313277424,1.7899801700771574,382.3764891303713
2015-11-22,6.57680709958393,2.843485760638072,2969.6305598251633
2015-11-23,4.280144302903827,1.9165383705060852,741.3085130432802
2015-11-24,4.175750539418368,1.206483098306979,472.4110795081075
2015-11-25,4.436734948132016,1.4297190600435943,637.5689302788714
2015-11-26,4.749916238588393,2.0890096763507247,1074.285405176891
2015-11-27,6.054838282156634,1.5526879689400892,1699.410358687668
2015-11-28,4.593325593360205,1.0228458114726613,608.4030444509852
2015-11-29,2.2966627966801023,1.206483098306979,70.10760960701643
2015-11-30,4.280144302903827,1.1632946696289368,502.0832154472772
2015-12-01,3.4449941950201537,0.9235212419200666,189.81433592392239
2015-12-02,1.826890860995536,0.637608767849832,0.0
2015-12-03,4.541128711617476,1.5146874571035092,720.0885679840808
2015-12-04,4.175750539418368,1.5526879689400885,589.1442024971161
2015-12-05,2.60984408713648,1.32764543491112,127.49646071768557
2015-12-06,2.348859678422832,0.6723336126262904,15.579468801559205
2015-12-07,1.8790877427382657,0.9048623237302341,23.36920320233881
2015-12-08,2.9230253775928574,1.365646139727875,172.59185909050728
2015-12-09,4.541128711617476,1.9828841979600456,873.033910369781
2015-12-10,3.236206668049235,1.60667925415959,311.60074070650415
2015-12-11,6.107035163899364,2.486657045314547,2220.8014117716957
2015-12-12,2.087875269709184,0.8793681135214885,23.36920320233881
2015-12-13,2.505450323651021,1.1681722368059135,84.04407037671973
2015-12-14,3.91476613070472,1.7836157759885904,561.9394197745602
2015-12-15,4.749916238588393,1.7318588432787567,878.7872796501066
2015-12-16,2.7664347323646687,1.6920024868653172,242.5865756748383
2015-12-17,4.384538066389287,1.6520450204786379,703.9219047184544
2015-12-18,5.324081937758419,1.7028890294272783,1222.4522474972705
2015-12-19,5.428475701243879,2.012061524582252,1390.2336578525558
2015-12-20,4.541128711617476,2.6332504186227226,1246.6081648768059
2015-12-21,5.324081937758419,1.5342687172089924,1155.5120785936206
2015-12-22,3.3406004315346944,1.3656461397278752,263.4884256605633
2015-12-23,2.4532534419082914,1.7514469366169898,230.686480025589
2015-12-24,6.57680709958393,2.161907799569896,2414.4570095534955
2015-12-25,2.348859678422832,1.1273013401808751,68.46460157516053
2015-12-26,4.175750539418368,1.7195029743588557,627.8614061179834
2015-12-27,4.488931829874746,2.119409151279809,897.5398714926921
2015-12-28,7.672941616181252,3.8088953972984974,5523.3549394404445
2015-12-29,5.793853873442985,2.210671437575142,1791.1312704424818
2015-12-30,3.392797313277424,1.1958322298600583,225.4769918641086
2015-12-31,4.541128711617476,1.4217428803190364,688.5362732923643
2016-01-01,5.689460109957526,1.7318588432787558,1519.1416582190666
2016-01-02,4.802113120331123,1.1485376915957066,737.7420329136557
2016-01-03,5.27188505601569,1.3811712251446329,1070.6812940397049
2016-01-04,3.810372367219261,1.0756809224873578,314.0247805778962
2016-01-05,2.870828495850128,1.7514469366169898,250.37631007561788
2016-01-06,2.9230253775928574,0.8793681135214884,91.83380477749934
2016-01-07,1.9834815062237248,0.7310804767469982,7.7897344007796026
2016-01-08,1.7224970975100768,0.7212931480399112,7.7897344007796026
2016-01-09,3.653781721991072,1.039388865352266,256.635929467227
2016-01-10,5.950444518671174,4.973314090629093,4809.087175058094
2016-01-11,6.263625809127553,2.0567794636316283,2188.1123591594073
2016-01-12,6.942185271783036,2.477493837567378,3086.950877278239
2016-01-13,5.741656991700256,1.4267332181627939,1400.0973883813513
2016-01-14,3.236206668049235,1.768408543206141,361.51227015220815
2016-01-15,3.705978603733802,1.1958322298600583,306.23504617711654
2016-01-16,5.637263228214796,2.0233336661392247,1592.22855349164
2016-01-17,6.054838282156634,1.719502974358855,1777.0762343124334
2016-01-18,7.046579035268496,1.685268121885758,2750.0574612716273
2016-01-19,4.2279474211610975,1.0325281377991489,452.3278923694805
2016-01-20,1.826890860995536,0.9032900161588305,23.36920320233881
2016-01-21,1.9312846244809954,0.6376087678498319,0.0
2016-01-22,2.7142378506219393,1.7195029743588557,216.20045579938034
2016-01-23,4.749916238588393,2.1847996110261922,1121.1423869419139
2016-01-24,2.7142378506219393,1.5081038728837237,178.738585459431
2016-01-25,3.8625692489619907,1.7293947317486704,515.2386443774444
2016-01-26,6.8377915082975775,1.9886109512505765,2645.5368466676823
2016-01-27,4.593325593360205,1.314734475652492,682.2333405555333
2016-01-28,7.150972798753955,1.7514469366169896,2895.6816883602696
2016-01-29,6.107035163899362,2.2260502069029693,2052.589013320251
2016-01-30,3.9669630124474495,1.7195029743588557,528.6255416906424
2016-01-31,2.7664347323646687,0.9032900161588306,70.10760960701643
2016-02-01,4.749916238588393,2.2463914652858317,1141.0693677126337
2016-02-02,3.7581754854765315,3.112691321251327,1136.177974624628
2016-02-03,6.889988390040307,3.32467647091224,3808.1442545129903
2016-02-04,3.601584840248343,2.03384456110743,542.9929905565057
2016-02-05,3.601584840248343,1.242470758827919,296.9585101123883
2016-02-06,3.91476613070472,1.5370456764354474,457.1440234423627
2016-02-07,3.810372367219261,2.072614317509352,635.6135095112011
2016-02-08,2.818631614107398,1.2390337653589785,141.43292148738888
2016-02-09,4.541128711617476,1.9128263035494961,857.610647936129
2016-02-10,5.637263228214796,1.279668570299731,1289.7048291367353
2016-02-11,4.906506883816583,1.4737809583834278,897.3027207720013
2016-02-12,4.384538066389287,2.4780675307179565,1061.641908695667
2016-02-13,4.958703765559312,1.8646592944123268,1066.5333017836729
2016-02-14,2.0356783879664544,1.3729130271992676,82.40106234486385
2016-02-15,3.236206668049235,0.8985565861143329,144.71893755110065
2016-02-16,2.7142378506219393,1.5081038728837233,150.86566392002436
2016-02-17,3.8625692489619907,1.8065800323176608,537.1210459158345
2016-02-18,2.2966627966801023,1.4147268345649133,119.70672631690596
2016-02-19,6.0026414004139035,3.3852649197775415,2955.8126744158053
2016-02-20,8.925666778006763,3.162975989566793,6755.898095137423
2016-02-21,3.236206668049235,0.8191100664532402,136.92920315032106
2016-02-22,3.236206668049235,0.7310804767469983,116.84601601169403
2016-02-23,2.870828495850128,0.8646973658743352,84.04407037671973
2016-02-24,7.098775917011225,2.4129661966139566,3240.2086323997537
2016-02-25,6.942185271783036,1.8462727224048108,2713.6514044994674
2016-02-26,5.637263228214796,3.2204286125942,2574.8796736041613
2016-02-27,5.689460109957526,3.00061512066393,2258.6566392002433
2016-02-28,7.620744734438522,2.213884157534409,3743.0033000091034
2016-02-29,8.560288605807655,2.175018336963236,5169.8858476921705
2016-03-01,6.315822690870282,2.169128401362629,2230.8213486683985
2016-03-02,5.898247636928445,1.7514469366169896,1634.662761272379
2016-03-03,1.6181033340246176,0.6890401001256657,7.7897344007796026
2016-03-04,2.0356783879664544,0.810386600884873,15.579468801559205
2016-03-05,1.6703002157673472,0.7073634172824567,7.7897344007796026
2016-03-06,2.505450323651021,2.3069553229076876,357.676690631991
2016-03-07,4.906506883816582,0.8985565861143328,735.23704868948
2016-03-08,3.653781721991072,1.986465353483656,529.331311515055
2016-03-09,6.263625809127553,2.056779463631628,2121.0159838878494
2016-03-10,2.7142378506219393,1.4147268345649133,129.13946874954146
2016-03-11,2.4010565601655616,1.220539686315652,90.19079674564345
2016-03-12,1.4615126887964287,0.4769043186433612,0.0
2016-03-13,2.9230253775928574,2.078777730704532,390.8719933555634
2016-03-14,3.91476613070472,1.5370456764354474,473.2730557004273
2016-03-15,2.4010565601655616,1.039388865352266,54.52814080545722
2016-03-16,7.464154089210333,3.230564779716288,4400.348687028448
2016-03-17,8.038319788380358,2.9763567578551173,5100.5969009322525
2016-03-18,3.4449941950201537,2.1619077995698968,546.359950973001
2016-03-19,4.280144302903827,1.2752175356996636,533.791716506901
2016-03-20,3.027419141078317,0.8191100664532401,99.62353917827895
2016-03-21,3.4449941950201537,1.2929297386880934,273.58930691004946
2016-03-22,4.019159894190179,2.0226309977151384,683.332467468544
2016-03-23,4.593325593360205,1.552687968940089,759.2743907086696
2016-03-24,4.593325593360205,1.834687545954948,837.9584488936617
2016-03-25,4.2279474211610975,2.330862234206089,868.0239419214296
2016-03-26,1.8790877427382657,0.6398342851498655,0.0
2016-03-27,1.9312846244809954,0.7368904791917142,7.7897344007796026
2016-03-28,6.211428927384823,2.4912260102059265,2377.463758317268
2016-03-29,3.1318129045637764,1.2796685702997312,194.4742606288974
2016-03-30,4.2279474211610975,1.7643848553003323,668.4154551461754
2016-03-31,8.247107315351277,2.213884157534409,4708.350998935425
2016-04-01,5.5328694647293375,1.1632946696289366,1179.3122698921193
2016-04-02,4.6455224751029345,2.379150370192874,1179.393214244903
2016-04-03,4.906506883816582,2.119409151279808,1182.0544048369857
2016-04-04,5.846050755185715,1.4147268345649133,1478.625240198436
2016-04-05,2.60984408713648,1.1632946696289366,97.98053114642305
2016-04-06,4.593325593360205,2.2061657697486687,1024.5300820990942
2016-04-07,4.6455224751029345,1.5879911277609153,795.093253016763
2016-04-08,4.749916238588393,1.4766716724229365,797.1672491447788
2016-04-09,6.211428927384823,1.587991127760916,1845.6217802403771
2016-04-10,3.91476613070472,1.9656038318484852,608.6025641641143
2016-04-11,5.846050755185715,2.3265893392578736,1901.6800360550048
2016-04-12,4.749916238588393,2.215809553599906,1169.5671147236694
2016-04-13,2.7142378506219393,0.8793681135214885,68.46460157516053
2016-04-14,2.9752222593355877,1.4689504604384322,224.53975365666528
2016-04-15,3.1318129045637764,1.3319212766891932,214.55744776752445
2016-04-16,2.870828495850128,1.2515899326282922,161.67231499392312
2016-04-17,1.6703002157673472,0.7980135597807397,15.579468801559205
2016-04-18,2.1400721514519137,2.2003592113749084,252.56888156397912
2016-04-19,4.749916238588393,1.8462727224048099,917.0734951748138
2016-04-20,3.810372367219261,1.499596794768033,429.82066535946143
2016-04-21,3.91476613070472,2.2865311715831864,769.6124226788468
2016-04-22,4.436734948132016,1.5221766867288322,673.1130108587123
2016-04-23,4.123553657675639,1.6303921182745578,588.0883889293274
2016-04-24,3.027419141078317,1.6066792541595898,251.86311173956656
2016-04-25,3.236206668049235,1.7684085432061418,355.05313104747
2016-04-26,4.384538066389287,1.7716209137796668,712.729821679461
2016-04-27,4.332341184646557,1.2785572643408267,555.6741180452912
2016-04-28,6.159232045642093,2.020521526258842,2035.4417985019595
2016-04-29,4.332341184646557,1.2240286110685017,538.0582841232779
2016-04-30,4.2279474211610975,2.1795883940382264,816.6256108117769
2016-05-01,5.793853873442985,1.6022494711110133,1516.7928803627979
2016-05-02,4.749916238588393,2.0560882253450483,1015.7221651380876
2016-05-03,3.027419141078317,2.020521526258842,397.17492609239434
2016-05-04,5.846050755185715,1.719502974358855,1630.2776182956563
2016-05-05,6.315822690870282,3.230564779716288,2943.6377970383037
2016-05-06,3.653781721991072,1.1030828848743346,283.17825571059217
2016-05-07,4.802113120331123,2.2061657697486687,1142.5561693765824
2016-05-08,4.541128711617476,2.3599536843617526,1070.1750439284212
2016-05-09,3.7581754854765315,2.0233336661392247,586.4453808974715
2016-05-10,5.324081937758419,2.0978369953054803,1367.0206610181242
2016-05-11,4.697719356845664,1.781223265487122,877.300477986158
2016-05-12,4.175750539418368,2.5235404526060763,1008.7567759220659
2016-05-13,6.263625809127553,2.394040679342219,2307.5876170932825
2016-05-14,6.3680195726130115,2.8832011723242914,2708.329023315301
2016-05-15,7.620744734438522,1.648599667363556,3390.6866215688397
2016-05-16,7.411957207467604,2.7623424502892653,4011.938364551838
2016-05-17,4.384538066389286,1.9195028554495959,785.9729233199419
2016-05-18,5.16749129253023,1.580813729992663,1065.5151192234462
2016-05-19,2.7142378506219393,1.8346875459549483,278.40543798293174
2016-05-20,2.6620409688792095,1.5808137299926628,192.83125259704153
2016-05-21,4.123553657675639,1.453384983200991,524.5151804421727
2016-05-22,5.010900647302042,3.023738862973402,1731.630792196235
2016-05-23,3.236206668049235,1.6066792541595898,301.7746411852705
2016-05-24,3.497191076762883,1.9187621636005063,473.97882552483986
2016-05-25,4.488931829874746,2.3916644597201167,1153.1256697297906
2016-05-26,5.428475701243879,2.2671772490433035,1593.4029424197745
2016-05-27,4.123553657675639,1.3562457868783664,486.503746645718
2016-05-28,3.9669630124474495,1.8715076886741886,639.292882663511
2016-05-29,4.697719356845664,2.401155228992173,1218.5790369694919
2016-05-30,3.705978603733802,1.499596794768033,390.3224298990581
2016-05-31,3.9669630124474495,1.907617274573445,612.4381436843314
2016-06-01,4.332341184646556,1.2240286110685021,537.9020777553707
2016-06-02,3.705978603733802,1.9364605751750028,519.5052119938214
2016-06-03,3.497191076762883,1.5663602724485761,340.56710682126135
2016-06-04,3.653781721991072,1.9518150432626893,515.2386443774444
2016-06-05,6.994382153525766,2.906769966401982,3517.7954075355874
2016-06-06,7.411957207467604,1.9165383705060852,3265.027006258479
2016-06-07,6.263625809127553,2.12209025184737,2187.9561527915002
2016-06-08,6.47241333609847,2.4688724432360716,2609.4055716237744
2016-06-09,3.3406004315346944,1.365646139727875,259.4966397724389
2016-06-10,3.027419141078317,0.8985565861143328,101.26654721013483
2016-06-11,4.906506883816583,2.182846862585057,1145.52977270448
2016-06-12,5.793853873442985,1.5590832980283988,1436.9344332496714
2016-06-13,1.30492204356824,1.3049674313717203,65.33479187935596
2016-06-14,2.087875269709184,1.4621609534939966,54.52814080545722
2016-06-15,3.5493879585056134,0.9538086372867224,213.1835391262612
2016-06-16,3.4971910767628835,0.9032900161588305,197.7602766926092
2016-06-17,4.488931829874746,1.6066792541595902,715.353381263982
2016-06-18,1.2005282800827808,0.5816473348144684,0.0
2016-06-19,2.870828495850128,1.3562457868783664,164.8021246897277
2016-06-20,4.123553657675639,2.2615273454131026,779.082796119044
2016-06-21,4.019159894190179,2.3063390666330603,779.476153207642
2016-06-22,3.1318129045637764,2.3363444736118275,522.0911405707807
2016-06-23,2.2966627966801023,1.5526879689400892,119.70672631690596
2016-06-24,4.280144302903827,1.426733218162794,569.7667851829017
2016-06-25,2.244465914937373,1.4297190600435943,111.91699191612636
2016-06-26,5.480672582986608,2.359953684361752,1640.0660868093282
2016-06-27,5.846050755185715,2.496356100089662,2059.9477596248707
2016-06-28,5.793853873442985,2.3014030758134885,1844.5659666725885
2016-06-29,3.705978603733802,1.7120466507372467,463.996519635699
2016-06-30,3.392797313277424,2.231152907482322,576.4254440007688
2016-07-01,5.16749129253023,2.459064989691825,1484.890541927705
2016-07-02,3.810372367219261,2.2003592113749084,678.3224990201927
2016-07-03,2.505450323651021,1.3319212766891935,119.70672631690597
2016-07-04,3.601584840248343,1.8949071609998789,489.40208795849185
2016-07-05,3.7581754854765315,1.7716209137796672,513.320854617336
2016-07-06,4.019159894190179,1.9539986893417585,665.1294390824636
2016-07-07,3.0796160228210465,0.9759075216313449,129.13946874954146
2016-07-08,5.010900647302042,2.6121125309260043,1494.1294469848715
2016-07-09,5.376278819501149,1.7514469366169896,1283.0894836640898
2016-07-10,2.6620409688792095,0.998940957516895,76.25433597594014
2016-07-11,3.236206668049235,1.986465353483656,420.3879229268259
2016-07-12,3.9669630124474495,2.175018336963236,733.5564096500623
2016-07-13,4.123553657675639,1.251589932628292,458.9432378421258
2016-07-14,3.9669630124474495,0.8793681135214881,329.7604557473626
2016-07-15,4.958703765559312,1.075680922487358,799.3974516407018
2016-07-16,2.453253441908291,1.1958322298600579,82.40106234486385
2016-07-17,2.505450323651021,2.21645098060816,338.1430669498693
2016-07-18,5.480672582986608,1.2696317990994987,1175.2019086436496
2016-07-19,3.7581754854765315,0.0,186.95362561871048
2016-07-20,3.1840097863065058,1.0434836502126168,140.21521921403286
2016-07-21,5.27188505601569,2.4774938375673776,1560.7948341602691
2016-07-22,4.802113120331123,1.9430559188390413,1005.3088711527869
2016-07-23,3.392797313277424,1.4056547484747923,269.08558857298164
2016-07-24,3.6015848402483424,1.7053914393436354,412.048625069541
2016-07-25,5.846050755185715,1.4147268345649138,1482.304613350746
2016-07-26,3.027419141078317,1.6485996673635563,265.95577887717707
2016-07-27,3.1840097863065058,1.429719060043594,237.92665096986326
2016-07-28,4.071356775932909,1.7812232654871218,596.1529050583596
2016-07-29,4.488931829874746,1.7293947317486704,758.5309898766952
2016-07-30,5.115294410787501,1.163294669628937,906.6978321970748
2016-07-31,3.4449941950201537,1.3446672252525809,275.2323149419054
2016-08-01,2.4532534419082914,1.010260763129421,54.52814080545722
2016-08-02,2.818631614107398,1.3446672252525804,157.0123902889481
2016-08-03,2.0356783879664544,0.619516882679489,0.0
2016-08-04,2.60984408713648,1.2205396863156524,93.47681280935524
2016-08-05,4.175750539418368,0.9538086372867223,416.9776491651087
2016-08-06,3.497191076762883,1.224028611068502,267.2863741732186
2016-08-07,2.2966627966801023,0.8793681135214884,31.15893760311841
2016-08-08,2.6620409688792095,0.7671343586044962,46.73840640467762
2016-08-09,3.1318129045637764,0.6398342851498657,93.47681280935524
2016-08-10,1.7746939792528063,0.630885113151519,0.0
2016-08-11,2.7664347323646687,1.278557264340827,129.13946874954146
2016-08-12,3.601584840248343,0.9989409575168952,234.90973429674412
2016-08-13,3.7581754854765315,1.4776339870721062,398.1121642998377
2016-08-14,3.288403549791965,0.6195168826794893,116.84601601169403
2016-08-15,1.30492204356824,1.3562457868783664,15.579468801559205
2016-08-16,4.280144302903827,2.737530488448611,1195.36604013506
2016-08-17,2.087875269709184,0.8793681135214884,23.36920320233881
2016-08-18,1.7746939792528063,0.6308851131515192,0.0
2016-08-19,2.923025377592858,0.8793681135214885,85.68707840857563
2016-08-20,4.019159894190179,2.6375654570248703,1040.1904952534371
2016-08-21,5.010900647302042,1.8470424838401331,1109.5547040284791
2016-08-22,3.027419141078317,1.0393888653522658,129.13946874954146
2016-08-23,3.0274191410783167,2.020521526258842,387.1926202032535
2016-08-24,4.541128711617476,2.0505499305036397,914.5685109506381
2016-08-25,3.810372367219261,1.9008989772533127,547.5343399011351
2016-08-26,3.027419141078317,1.2205396863156521,170.9488510586514
2016-08-27,1.9312846244809954,1.5221766867288322,96.49372948247436
2016-08-28,2.348859678422832,1.2424707588279185,74.61132794408424
2016-08-29,2.505450323651021,1.22518937814876,97.98053114642305
2016-08-30,1.826890860995536,1.3308536041515282,38.94867200389801
2016-08-31,2.870828495850128,1.5444264904368128,220.86038050435536
2016-09-01,4.019159894190179,1.6093312712395766,524.6713868100799
2016-09-02,3.9669630124474495,1.5960271195614792,499.4220248551943
2016-09-03,2.60984408713648,1.220539686315652,105.77026554720265
2016-09-04,2.1400721514519137,0.8646973658743351,23.36920320233881
2016-09-05,2.505450323651021,1.22518937814876,91.83380477749934
2016-09-06,3.1840097863065058,0.9032900161588306,136.92920315032106
2016-09-07,3.4449941950201537,1.0610451259236848,211.5405310944053
2016-09-08,4.019159894190179,1.4766716724229365,503.57001711122587
2016-09-09,1.8790877427382657,0.8260225102393186,15.579468801559205
2016-09-10,3.91476613070472,1.821468603583327,562.5266142386274
2016-09-11,3.288403549791965,1.3729130271992673,261.8454176287074
2016-09-12,2.4010565601655616,0.8985565861143326,45.09539837282172
2016-09-13,3.392797313277424,2.0056931056809084,482.7491114782846
2016-09-14,3.1840097863065058,1.3811712251446326,230.13691656908364
2016-09-15,3.3406004315346944,1.365646139727875,253.34991340351525
2016-09-16,3.027419141078317,1.2205396863156521,171.10505742655863
2016-09-17,3.653781721991072,1.5636353757389865,411.1866488772212
2016-09-18,2.6620409688792095,1.065056652995128,90.19079674564344
2016-09-19,1.9312846244809954,0.9759075216313448,31.15893760311841
2016-09-20,2.7142378506219393,1.0875091684816183,85.68707840857563
2016-09-21,1.7746939792528063,1.1030828848743344,65.33479187935596
2016-09-22,2.244465914937373,0.9032900161588306,31.15893760311841
2016-09-23,3.1840097863065058,1.6511843561740782,295.1592957126252
2016-09-24,3.3406004315346944,1.758736227042977,306.23504617711654
2016-09-25,3.601584840248343,1.2962238325331148,284.5088510066337
2016-09-26,5.16749129253023,1.445539392918808,1009.731645137071
2016-09-27,6.3680195726130115,1.8065800323176613,2006.9440514909243
2016-09-28,2.818631614107398,1.2929297386880934,135.28619511846517
2016-09-29,5.585066346472067,2.4774938375673776,1741.2197409967778
2016-09-30,6.785594626554848,2.7623424502892657,3007.4857872537104
2016-10-01,3.4449941950201537,1.8926553394545573,442.2703244652161
2016-10-02,1.2005282800827808,1.0756809224873578,0.0
2016-10-03,1.9834815062237248,0.8191100664532401,0.0
2016-10-04,2.4010565601655616,1.1030828848743344,60.67486717438093
2016-10-05,5.010900647302042,0.6398342851498654,750.660311123132
2016-10-06,3.1840097863065058,1.6920024868653174,309.5643755860501
2016-10-07,3.9669630124474495,0.8793681135214882,329.6042493794554
2016-10-08,6.054838282156634,1.3656461397278754,1614.6981494940974
2016-10-09,4.227947421161098,0.619516882679489,382.4893821530567
2016-10-10,2.870828495850128,0.7818176878694931,82.40106234486385
2016-10-11,3.653781721991072,0.35368170864122817,171.37415681715126
2016-10-12,4.854310002073853,1.6234021949035702,910.4957807097303
2016-10-13,6.107035163899364,3.0975844133974464,2701.1264833785885
2016-10-14,2.0356783879664544,1.6852681218857575,119.70672631690596
2016-10-15,4.802113120331123,0.7980135597807392,663.7555304412003
2016-10-16,6.159232045642093,0.9715279594195203,1595.0459504516302
2016-10-17,4.436734948132016,1.6093312712395764,700.9859323981188
2016-10-18,7.82953226140944,1.8926553394545576,3805.245913200217
2016-10-19,2.087875269709184,1.365646139727875,76.25433597594014
2016-10-20,2.870828495850128,1.6717180075647362,229.98071020117644
2016-10-21,6.785594626554848,1.163294669628937,2225.6928048597024
2016-10-22,7.620744734438522,0.5114229057363305,3020.7541092065635
2016-10-23,3.7581754854765315,1.430712955930083,377.87277079330346
2016-10-24,5.898247636928445,1.5444264904368128,1549.5195639826486
2016-10-25,4.958703765559312,0.2557114528681653,686.6561145398175
2016-10-26,4.071356775932909,1.3944864947904252,489.0087308698937
2016-10-27,6.785594626554848,1.3276454349111193,2267.970806272534
2016-10-28,3.1840097863065058,1.5221766867288318,259.6528461403462
2016-10-29,7.2553665622394155,1.0434836502126166,2696.0355705774537
2016-10-30,3.9669630124474495,1.5081038728837235,464.9337578431423
2016-10-31,3.288403549791965,1.4217428803190364,265.64336614136266
2016-11-01,5.585066346472067,1.0434836502126166,1176.3762975717837
2016-11-02,2.0356783879664544,1.0325281377991486,31.15893760311841
2016-11-03,2.818631614107398,1.1235120812571717,113.55999994798225
2016-11-04,3.027419141078317,1.1030828848743344,143.07592951924477
2016-11-05,3.3406004315346944,1.5081038728837233,301.7746411852705
2016-11-06,1.8790877427382657,0.9048623237302339,23.36920320233881
2016-11-07,1.9834815062237248,0.8985565861143326,23.36920320233881
2016-11-08,2.9230253775928574,1.3147344756524921,164.8021246897277
2016-11-09,5.27188505601569,1.224028611068502,1021.2007526901606
2016-11-10,4.280144302903827,2.6099348627434407,1108.7360411813813
2016-11-11,5.5328694647293375,1.519372551673219,1291.8974006250965
2016-11-12,3.1318129045637764,1.5672675185556026,272.1025052461008
2016-11-13,4.071356775932909,1.182684249584493,432.950475055266
2016-11-14,3.9669630124474495,1.4147268345649133,459.18038856281674
2016-11-15,2.5576472053937507,0.9403000436214107,60.67486717438093
2016-11-16,2.9752222593355877,1.0966207151204974,122.99274238061776
2016-11-17,2.870828495850128,1.9364605751750028,287.68197404766
2016-11-18,3.7581754854765315,2.154003174201479,659.5322761700452
2016-11-19,7.150972798753955,2.200359211374908,3177.5350311124803
2016-11-20,8.716879251035843,1.7899801700771585,5111.753595749527
2016-11-21,6.211428927384823,1.7514469366169896,1944.4266565715582
2016-11-22,3.1318129045637764,1.6102143062970995,267.2863741732186
2016-11-23,1.9312846244809954,1.278557264340827,52.88513277360133
2016-11-24,3.392797313277424,1.5879911277609158,331.13436438862584
2016-11-25,3.5493879585056125,1.0228458114726615,233.2667262648882
2016-11-26,4.123553657675639,1.6303921182745573,578.1060830401866
2016-11-27,2.7664347323646687,0.9032900161588304,76.25433597594014
2016-11-28,4.280144302903827,2.4757719604885984,1003.7844384812763
2016-11-29,6.47241333609847,2.9706201188739563,3120.264755362157
2016-11-30,3.1840097863065058,1.8089390061612518,355.2093374153772
2016-12-01,5.637263228214796,1.3822000306691444,1321.4133301963589
2016-12-02,5.585066346472067,1.9187621636005066,1542.7856431496577
2016-12-03,3.1840097863065058,1.0434836502126166,164.9583310576349
2016-12-04,1.826890860995536,1.0434836502126168,45.09539837282172
2016-12-05,4.2279474211610975,1.4217428803190362,538.0582841232779
2016-12-06,2.923025377592858,1.6382201329064803,247.9089568590041
2016-12-07,4.6455224751029345,1.7120466507372467,823.709575388144
2016-12-08,6.733397744812119,2.0505499305036397,2577.422288835898
2016-12-09,5.115294410787501,2.304489309030328,1350.1105969205234
2016-12-10,5.324081937758419,1.6623382354561198,1201.1570404229476
2016-12-11,4.2279474211610975,2.3014030758134885,921.1462254157219
2016-12-12,4.697719356845664,2.61863466974524,1363.7722759619742
2016-12-13,4.802113120331123,2.012061524582252,1047.5868725656185
2016-12-14,5.115294410787501,1.8065800323176608,1120.9861805740068
2016-12-15,7.464154089210333,1.8277011918674952,3297.3227017821705
2016-12-16,3.027419141078317,1.220539686315652,158.65539832080398
2016-12-17,2.2966627966801023,1.2617702263030381,90.19079674564344
2016-12-18,4.2279474211610975,1.6852681218857577,619.3659018927912
2016-12-19,2.870828495850128,1.405654748474792,185.04151819626193
2016-12-20,5.950444518671174,2.937900920876865,2543.7959980161663
2016-12-21,3.4449941950201537,1.3446672252525804,281.37904131082905
2016-12-22,4.384538066389287,1.3822000306691444,605.4294411230878
2016-12-23,3.392797313277424,0.8646973658743351,174.2348671223632
2016-12-24,3.3406004315346944,1.0228458114726615,188.1713278920665
2016-12-25,2.087875269709184,1.2064830983069788,60.67486717438093
2016-12-26,5.689460109957526,2.089009676350725,1674.1609967327822
2016-12-27,7.255366562239414,2.6115682841171113,3597.810061016621
2016-12-28,3.392797313277424,1.4056547484747928,285.2146208310462
2016-12-29,6.8377915082975775,2.93160420075831,3381.410085504112
2016-12-30,7.359760325724873,1.8214686035833267,3208.06914324397
2016-12-31,6.315822690870282,2.545413975936992,2476.9744044728614
2017-01-01,4.2279474211610975,2.7098700484764917,1209.7334890009236
2017-01-02,2.818631614107398,1.5342687172089924,216.75001925588566
2017-01-03,3.236206668049235,1.4737809583834283,275.93808476631796
2017-01-04,8.455894842322195,2.7208634812370525,5333.987884895147
2017-01-05,6.107035163899364,2.067120300376997,1992.420396257154
2017-01-06,3.8625692489619907,1.7684085432061414,540.2132246040773
2017-01-07,3.3406004315346944,1.834687545954948,401.28528734086404
2017-01-08,4.906506883816582,1.3780802002513315,854.8685129912624
2017-01-09,4.6455224751029345,1.7514469366169896,852.2073223991796
2017-01-10,7.255366562239414,2.8609290933979,3880.10221955871
2017-01-11,6.57680709958393,4.117703572070036,4058.140717531389
2017-01-12,5.115294410787501,2.635948145401961,1653.7277658507792
2017-01-13,3.236206668049235,1.7293947317486704,353.5663293835213
2017-01-14,1.6181033340246176,0.8646973658743349,15.579468801559205
2017-01-15,2.1400721514519137,0.864697365874335,23.36920320233881
2017-01-16,1.7224970975100768,0.8103866008848729,15.579468801559205
2017-01-17,3.653781721991072,1.8439615100791271,499.3843938476326
2017-01-18,4.436734948132016,1.4297190600435938,644.771470215584
2017-01-19,3.497191076762883,1.6093312712395766,370.6325998490292
2017-01-20,3.3406004315346944,1.7971131722286657,384.7252669866397
2017-01-21,2.244465914937373,1.0434836502126166,52.88513277360133
2017-01-22,1.9312846244809954,0.8242998336817783,15.579468801559205
2017-01-23,3.4449941950201537,1.3944864947904256,295.4717084484396
2017-01-24,1.8790877427382657,0.9773630146424062,31.15893760311841
2017-01-25,1.826890860995536,0.736890479191714,7.7897344007796026
2017-01-26,7.046579035268496,2.445152204830172,3200.71039693935
2017-01-27,4.958703765559313,1.7514469366169896,1038.5041738763593
2017-01-28,5.637263228214796,1.5672675185556024,1388.3534991000088
2017-01-29,3.392797313277424,1.7899801700771578,408.6440336454839
2017-01-30,2.60984408713648,1.6066792541595898,192.83125259704153
2017-01-31,3.705978603733802,2.1691284013626295,659.5322761700453
2017-02-01,5.115294410787501,2.2444923034990008,1319.4579094286885
2017-02-02,6.054838282156633,2.5504350713993276,2200.562018265162
2017-02-03,4.436734948132016,2.739087820795176,1276.0864634405063
2017-02-04,3.392797313277424,1.7120466507372467,376.93553258586013
2017-02-05,4.749916238588393,1.651184356174078,867.7867912007388
2017-02-06,2.244465914937373,1.4297190600435943,90.19079674564344
2017-02-07,3.497191076762883,1.2240286110685017,267.598786909033
2017-02-08,5.793853873442985,2.4451522048301726,1992.420396257154
2017-02-09,6.0026414004139035,2.5048829019873855,2167.248140181244
2017-02-10,4.906506883816582,2.5031798652565835,1349.0924143602965
2017-02-11,2.6620409688792095,1.5370456764354479,191.18824456518564
2017-02-12,5.741656991700256,4.062093948834389,3394.142354031838
2017-02-13,6.47241333609847,3.1920542391229594,3246.7863468648375
2017-02-14,5.115294410787501,1.1030828848743341,892.6051650594643
2017-02-15,6.994382153525766,0.7310804767469979,2333.7365862480497
2017-02-16,4.384538066389287,1.1082254903040798,525.1400059138016
2017-02-17,2.5576472053937507,1.2515899326282922,93.47681280935524
2017-02-18,5.21968817427296,1.0875091684816178,949.9940161701335
2017-02-19,2.9230253775928574,0.6032415491534894,62.31787520623682
2017-02-20,2.2966627966801023,1.2064830983069788,76.25433597594014
2017-02-21,3.9669630124474495,1.1485376915957057,379.2033660893449
2017-02-22,2.7142378506219393,1.4147268345649133,163.315323025779
2017-02-23,4.6455224751029345,1.137344312197351,654.6352007443793
2017-02-24,4.541128711617476,2.0170008378788706,893.273303876315
2017-02-25,6.8377915082975775,2.812825981549819,3286.4407886931476
2017-02-26,6.263625809127553,2.3069553229076876,2265.3096156804504
2017-02-27,4.488931829874746,2.304489309030328,1036.8235348369417
2017-02-28,3.497191076762883,1.6093312712395762,376.93553258586013
2017-03-01,7.672941616181252,4.2331135213542295,4872.907507315716
2017-03-02,8.038319788380358,3.463717686557511,5071.527614844587
2017-03-03,5.27188505601569,1.8828663263706436,1243.2788354678719
2017-03-04,2.7664347323646687,1.651184356174078,214.55744776752445
2017-03-05,3.497191076762883,1.5663602724485761,356.53993271141866
2017-03-06,4.175750539418368,2.2061657697486687,819.7177895000196
2017-03-07,7.933926024894899,2.5770490276492812,4539.238993284099
2017-03-08,8.925666778006763,5.654635421100688,8828.353844705682
2017-03-09,6.785594626554848,3.942761568592003,4391.50313905988
2017-03-10,5.793853873442985,3.0643653897497574,2376.682726477732
2017-03-11,6.002641400413904,1.731858843278756,1730.5316652832244
2017-03-12,3.7581754854765315,1.279668570299731,348.20063485413374
2017-03-13,5.0630975290447715,2.0056931056809084,1142.7123757444897
2017-03-14,6.733397744812119,2.330862234206088,2788.8122959000566
2017-03-15,7.203169680496685,2.2546026803617503,3209.674520268264
2017-03-16,4.541128711617476,1.7643848553003325,798.7726261690729
2017-03-17,2.818631614107398,1.66233823545612,242.5865756748383
2017-03-18,2.7142378506219393,1.5081038728837233,185.0415181962619
2017-03-19,2.7664347323646687,0.9759075216313446,84.04407037671973
2017-03-20,2.7664347323646687,1.330853604151528,149.3788622560757
2017-03-21,4.593325593360205,2.8294536691298267,1442.4187031394047
2017-03-22,5.21968817427296,2.7312922794557495,1736.3659789163337
2017-03-23,3.027419141078317,1.519372551673219,242.7427820427455
2017-03-24,4.697719356845664,2.1301133059902555,1050.522844885954
2017-03-25,4.749916238588393,1.6093312712395766,852.9507232311539
2017-03-26,3.91476613070472,2.1321143522802686,699.4614997266084
2017-03-27,2.818631614107398,1.182684249584493,127.49646071768557
2017-03-28,4.123553657675639,1.712046650737247,599.8322782106695
2017-03-29,2.818631614107398,1.4425862960798224,185.04151819626193
2017-03-30,7.046579035268496,2.6072102196969715,3306.4054004714294
2017-03-31,5.689460109957526,2.2463914652858317,1818.298422157476
2017-04-01,3.91476613070472,1.2424707588279185,379.3595724572521
2017-04-02,2.5576472053937507,1.3049674313717203,119.70672631690596
2017-04-03,3.6015848402483424,1.62340219490357,406.45146215712265
2017-04-04,5.950444518671174,3.390719275915039,2745.0176895094332
2017-04-05,4.123553657675639,2.2311529074823224,818.230987836071
2017-04-06,7.725138497923981,2.780806140453414,4417.102544758141
2017-04-07,8.873469896264032,2.020521526258842,5557.434193976461
2017-04-08,3.392797313277424,1.3049674313717203,253.50611977142245
2017-04-09,4.906506883816582,3.0443533734576644,1756.7239477832136
2017-04-10,6.159232045642093,2.3916644597201167,2218.3340585550823
2017-04-11,5.5328694647293375,2.5836596815910586,1819.2789737101411
2017-04-12,4.541128711617476,1.8768169410111402,857.179659839969
2017-04-13,3.6015848402483424,1.2424707588279185,303.105236481312
2017-04-14,4.123553657675639,1.4056547484747925,510.7349260403766
2017-04-15,4.332341184646556,3.1773246926041905,1583.7387316041081
2017-04-16,6.942185271783036,1.3811712251446326,2491.6918970821007
2017-04-17,3.9669630124474495,2.1750183369632365,726.3538697133499
2017-04-18,4.2279474211610975,1.4689504604384325,568.1237771510457
2017-04-19,4.175750539418368,2.2671772490433035,973.1317509894416
2017-04-20,4.071356775932909,1.3446672252525804,464.9337578431423
2017-04-21,6.47241333609847,1.596027119561479,2091.8124670524016
2017-04-22,3.7581754854765315,1.4776339870721062,391.965437930914
2017-04-23,2.505450323651021,1.4776339870721065,155.5255886249994
2017-04-24,3.810372367219261,1.7899801700771578,504.98155676005103
2017-04-25,4.123553657675639,1.8277011918674957,655.3033395612299
2017-04-26,4.2279474211610975,2.3886908610820754,991.6095611037746
2017-04-27,5.898247636928445,3.1012534515961234,2453.0180068064556
2017-04-28,5.585066346472067,2.1533431456355925,1589.2925811713046
2017-04-29,4.071356775932909,1.9978819150337899,647.395029800105
2017-04-30,5.480672582986608,1.6022494711110133,1280.584499439914
2017-05-01,4.697719356845664,2.644562377989253,1399.0039438060003
2017-05-02,7.464154089210332,2.0726143175093514,3487.5737081399125
2017-05-03,3.653781721991072,1.32764543491112,338.92409878940543
2017-05-04,3.705978603733802,2.1052773562239175,620.0340407096419
2017-05-05,6.733397744812119,2.1480556161193127,2725.395293780809
2017-05-06,6.211428927384823,2.4636851252629923,2328.8828241676056
2017-05-07,5.480672582986608,1.982884197960046,1450.2836995553077
2017-05-08,3.8625692489619907,1.3780802002513315,406.0581050685245
2017-05-09,2.6620409688792095,1.2424707588279185,126.00965905373688
2017-05-10,2.5576472053937507,1.9364605751750033,250.3763100756179
2017-05-11,4.436734948132016,1.5221766867288318,683.6825112119202
2017-05-12,3.601584840248343,1.2962238325331146,311.05117724999883
2017-05-13,2.087875269709184,1.2617702263030381,68.46460157516053
2017-05-14,3.91476613070472,2.067120300376997,651.7801727768275
2017-05-15,2.087875269709184,1.1485376915957064,60.67486717438093
2017-05-16,3.4449941950201537,2.193241430240995,580.2610235209859
2017-05-17,6.420216454355741,2.892553449940568,2908.443760201839
2017-05-18,7.77733537966671,2.3934468456038656,4111.174228979178
2017-05-19,5.324081937758419,1.6207732017697458,1183.5412065009343
2017-05-20,5.27188505601569,1.9539986893417585,1292.0159759854419
2017-05-21,4.384538066389286,1.954726029284812,813.4148567631887
2017-05-22,5.010900647302042,1.9893256362516372,1145.2173599686653
2017-05-23,2.5576472053937507,1.1373443121973514,102.64045585139809
2017-05-24,3.7581754854765315,1.4307129559300833,390.4786362669653
2017-05-25,4.332341184646557,1.9539986893417582,779.3952088548584
2017-05-26,3.5493879585056125,1.087509168481618,247.20318703459154
2017-05-27,1.0961345165973218,0.6723336126262902,0.0
2017-05-28,2.7142378506219393,2.206165769748669,458.08694398746627
2017-05-29,4.2279474211610975,1.9828841979600458,758.4933588691333
2017-05-30,4.697719356845664,2.8193879891684057,1479.4119543756324
2017-05-31,4.958703765559312,3.034532098789471,1758.0545430792547
2017-06-01,3.4449941950201537,1.7812232654871218,416.4337680462635
2017-06-02,3.1840097863065058,2.1847996110261927,472.33581749298395
2017-06-03,2.5576472053937507,1.075680922487358,76.25433597594014
2017-06-04,3.7581754854765315,2.0567794636316283,610.3641475563156
2017-06-05,3.8625692489619907,2.0869673004252336,651.0367719448531
2017-06-06,4.906506883816582,1.9518150432626893,1062.8539286313633
2017-06-07,5.115294410787501,1.9165383705060852,1198.808262566679
2017-06-08,2.0356783879664544,1.6442828239569784,139.9461198234402
2017-06-09,3.236206668049235,1.2205396863156521,208.41072139860074
2017-06-10,4.332341184646556,2.97778919080458,1434.9413814744396
2017-06-11,5.5328694647293375,1.3780802002513313,1246.2524387957694
2017-06-12,4.749916238588393,2.089009676350725,1056.5133648869705
2017-06-13,3.5493879585056125,1.834687545954948,450.0600588659957
2017-06-14,3.5493879585056125,1.3147344756524921,303.2614428492192
2017-06-15,3.1318129045637764,1.567267518555603,272.1025052461008
2017-06-16,2.7142378506219393,1.63822013290648,185.04151819626193
2017-06-17,3.91476613070472,2.540942450348157,950.6245239794225
2017-06-18,6.315822690870282,2.137441317115767,2216.728681530788
2017-06-19,3.705978603733802,1.4056547484747923,368.59623472857515
2017-06-20,4.802113120331123,1.6793533997775867,899.9262803565223
2017-06-21,2.1400721514519137,1.3049674313717203,60.67486717438093
2017-06-22,4.436734948132016,2.63756545702487,1240.5800138682275
2017-06-23,4.749916238588393,2.611568284117112,1392.9757927974222
2017-06-24,4.488931829874746,2.1828468625850572,983.8574577105569
2017-06-25,4.019159894190179,2.0560882253450483,704.4714681749597
2017-06-26,4.906506883816582,2.362963446692289,1263.0496098706844
2017-06-27,4.697719356845664,1.4425862960798224,767.6513195735163
2017-06-28,3.6015848402483424,2.09986879916701,557.2042330544616
2017-06-29,6.159232045642093,2.086967300425233,2031.6062189817424
2017-06-30,3.9669630124474495,2.078777730704532,768.9066528544342
2017-07-01,4.123553657675639,1.3562457868783664,486.6599530136252
2017-07-02,4.071356775932909,1.6207732017697458,540.094649243732
2017-07-03,2.1400721514519137,0.9403000436214108,31.15893760311841
2017-07-04,3.236206668049235,1.6066792541595896,311.60074070650415
2017-07-05,2.348859678422832,0.9989409575168952,46.73840640467762
2017-07-06,1.9834815062237248,1.275217535699664,74.61132794408424
2017-07-07,3.601584840248343,1.3975412333794175,339.08030515731264
2017-07-08,3.5493879585056125,1.2617702263030381,289.1687757116087
2017-07-09,3.392797313277424,1.671718007564736,362.9990718161568
2017-07-10,3.0796160228210465,1.4766716724229363,240.11922245822447
2017-07-11,1.9312846244809954,0.9759075216313446,15.579468801559205
2017-07-12,2.1400721514519137,1.1958322298600585,38.94867200389801
2017-07-13,3.7581754854765315,1.523110251175214,405.90189870061727
2017-07-14,4.123553657675639,1.4056547484747923,507.0555528880667
2017-07-15,2.7664347323646687,1.3308536041515282,149.22265588816848
2017-07-16,3.3406004315346944,1.4621609534939963,287.8381804155672
2017-07-17,3.027419141078317,0.9715279594195205,121.34973434876186
2017-07-18,2.348859678422832,1.1273013401808754,68.46460157516053
2017-07-19,2.4532534419082914,1.195832229860058,96.49372948247438
2017-07-20,2.9230253775928574,1.4147268345649133,186.68452622811782
2017-07-21,1.7746939792528063,0.8985565861143329,7.7897344007796026
2017-07-22,3.1318129045637764,1.4307129559300835,236.43984930591458
2017-07-23,2.1400721514519137,0.9403000436214104,23.36920320233881
2017-07-24,4.175750539418368,1.8715076886741886,706.2706825747229
2017-07-25,2.4010565601655616,1.1632946696289368,82.40106234486385
2017-07-26,2.975222259335587,1.2147025429298388,163.315323025779
2017-07-27,3.027419141078317,1.4737809583834285,232.32948805744488
2017-07-28,4.958703765559313,2.105277356223918,1161.933586690797
2017-07-29,4.488931829874746,1.7684085432061416,793.3316696245618
2017-07-30,2.818631614107398,1.5781137899690694,224.53975365666528
2017-07-31,2.60984408713648,1.1632946696289366,97.98053114642305
2017-08-01,2.5576472053937507,1.3049674313717203,119.70672631690596
2017-08-02,2.60984408713648,1.1030828848743344,84.04407037671973
2017-08-03,2.505450323651021,1.1681722368059138,84.04407037671973
2017-08-04,6.054838282156634,2.805235360583462,2439.5501651404743
2017-08-05,5.5328694647293375,1.7293947317486698,1348.6990572716984
2017-08-06,2.7142378506219393,1.2617702263030384,127.49646071768557
2017-08-07,2.60984408713648,1.2752175356996638,119.70672631690596
2017-08-08,2.7142378506219393,1.087509168481618,104.28346388325397
2017-08-09,2.4532534419082914,1.010260763129421,46.73840640467762
2017-08-10,2.5576472053937507,1.453384983200991,161.67231499392312
2017-08-11,3.5493879585056125,1.4621609534939963,339.08030515731264
2017-08-12,4.019159894190179,1.692002486865317,542.718208828253
2017-08-13,1.826890860995536,1.1669547562908653,37.30566397204212
2017-08-14,1.9834815062237248,0.8985565861143329,23.36920320233881
2017-08-15,2.348859678422832,1.186284514380092,76.25433597594014
2017-08-16,2.4532534419082914,1.075680922487358,68.46460157516053
2017-08-17,3.392797313277424,1.6303921182745573,338.92409878940543
2017-08-18,5.689460109957526,1.8828663263706433,1565.0990327842078
2017-08-19,4.280144302903827,1.9165383705060852,748.8234657158072
2017-08-20,2.1922690331946435,1.3944864947904256,118.21992465295729
2017-08-21,2.4010565601655616,1.32764543491112,99.62353917827895
2017-08-22,5.689460109957526,2.215809553599906,1723.0167126106976
2017-08-23,3.653781721991072,1.6894802457311073,442.2703244652161
2017-08-24,3.288403549791965,1.5590832980283988,322.48265379552646
2017-08-25,2.6620409688792095,0.8514445147136394,60.67486717438093
2017-08-26,1.8268908609955359,0.637608767849832,0.0
2017-08-27,2.9230253775928574,1.2617702263030381,163.315323025779
2017-08-28,2.870828495850128,1.4533849832009913,215.263217591937
2017-08-29,2.818631614107398,1.2929297386880934,149.22265588816848
2017-08-30,1.9312846244809954,0.736890479191714,7.7897344007796026
2017-08-31,4.2279474211610975,1.9828841979600458,739.7407670265478
2017-09-01,4.384538066389287,1.7326794350534342,715.8220003677037
2017-09-02,3.7581754854765315,1.1082254903040798,306.3912525450238
2017-09-03,3.3406004315346944,1.7971131722286657,381.04589383432983
2017-09-04,4.749916238588393,2.836979492341479,1551.518298095541
2017-09-05,3.91476613070472,1.8949071609998789,580.5734362568004
2017-09-06,2.244465914937373,1.1669547562908653,74.61132794408424
2017-09-07,3.236206668049235,1.8439615100791267,393.9641720438061
2017-09-08,3.392797313277424,1.3049674313717203,259.8090525082534
2017-09-09,3.0796160228210465,0.9759075216313446,135.28619511846517
2017-09-10,2.7142378506219393,1.0228458114726615,77.89734400779602
2017-09-11,2.244465914937373,0.9032900161588306,31.15893760311841
2017-09-12,2.087875269709184,1.0228458114726617,38.94867200389801
2017-09-13,2.4532534419082914,1.3049674313717203,111.91699191612636
2017-09-14,1.826890860995536,0.9032900161588304,23.36920320233881
2017-09-15,1.9834815062237248,0.7310804767469982,7.7897344007796026
2017-09-16,2.087875269709184,1.0228458114726617,38.94867200389801
2017-09-17,2.1400721514519137,1.1958322298600583,74.61132794408424
2017-09-18,2.453253441908291,1.453384983200991,146.24905256027114
2017-09-19,2.7142378506219393,0.9538086372867224,76.25433597594014
2017-09-20,1.9834815062237248,0.81911006645324,15.579468801559205
2017-09-21,2.4010565601655616,0.9715279594195206,52.88513277360133
2017-09-22,1.7224970975100768,0.8103866008848729,15.579468801559205
2017-09-23,1.4615126887964287,0.7073634172824567,0.0
2017-09-24,1.4615126887964287,1.2064830983069785,29.515929571262518
2017-09-25,1.8790877427382657,0.7388169935360533,7.7897344007796026
2017-09-26,1.7746939792528067,1.2752175356996638,52.88513277360133
2017-09-27,3.3406004315346944,1.8346875459549483,382.3764891303713
2017-09-28,3.236206668049235,1.2205396863156521,208.41072139860074
2017-09-29,4.280144302903827,2.953343344845873,1412.4717854719825
2017-09-30,3.1318129045637764,1.1681722368059138,178.89479182733822
2017-10-01,2.505450323651021,1.2251893781487597,91.83380477749934
